Name,Year,Count,Sex,Rank
Ryan,2019,98,M,1
Hamish,2019,97,M,2
Sonny,2019,96,M,3
Arlo,2019,94,M,4
Arran,2019,94,M,5
Cole,2019,94,M,6
Robert,2019,93,M,7
Blair,2019,91,M,8
Dylan,2019,91,M,9
Louie,2019,91,M,10
Ruaridh,2019,90,M,11
Ahmed,2019,9,M,12
Albert,2019,9,M,13
Archibald,2019,9,M,14
Aron,2019,9,M,15
Azaan,2019,9,M,16=
Bear,2019,9,M,16=
Beau,2019,9,M,18
Bodhi,2019,9,M,19
Brady,2019,9,M,20
Brandon,2019,9,M,21=
Cairn,2019,9,M,21=
Chester,2019,9,M,23
Clark,2019,9,M,24
Coen,2019,9,M,25
Damian,2019,9,M,26
Donald,2019,9,M,27
Drew,2019,9,M,28=
Fabian,2019,9,M,28=
Fletcher,2019,9,M,30
Hugh,2019,9,M,31
Jan,2019,9,M,32
Joe,2019,9,M,33
Kalvin,2019,9,M,34
Karter,2019,9,M,35
Kayson,2019,9,M,36
Leonard,2019,9,M,37
Lyall,2019,9,M,38
Mack,2019,9,M,39
Marley,2019,9,M,40
Marshall,2019,9,M,41
Micah,2019,9,M,42
Muhammed,2019,9,M,43
Nikolas,2019,9,M,44
Philip,2019,9,M,45
Rafael,2019,9,M,46
Stefan,2019,9,M,47
Stewart,2019,9,M,48
Torin,2019,9,M,49=
Will,2019,9,M,49=
Connor,2019,89,M,51
Benjamin,2019,88,M,52=
Kai,2019,88,M,52=
Michael,2019,87,M,54=
Jackson,2019,85,M,54=
Leon,2019,85,M,56
Cooper,2019,84,M,57
Louis,2019,82,M,58
Theodore,2019,81,M,59
Fraser,2019,80,M,60
Owen,2019,80,M,61
Reuben,2019,80,M,62=
Abdul,2019,8,M,62=
Ahmad,2019,8,M,62=
Amir,2019,8,M,65
Ari,2019,8,M,66=
Blaine,2019,8,M,66=
Bryce,2019,8,M,66=
Cade,2019,8,M,69
Casey,2019,8,M,70
Clayton,2019,8,M,71=
Denis,2019,8,M,71=
Eesa,2019,8,M,73
Eoin,2019,8,M,74=
Frank,2019,8,M,74=
Freddy,2019,8,M,76
Gary,2019,8,M,77
Glen,2019,8,M,78
Hamza,2019,8,M,79=
Hassan,2019,8,M,79=
Hector,2019,8,M,79=
Ismaeel,2019,8,M,82
Ivan,2019,8,M,83=
Ivar,2019,8,M,83=
Kenzie,2019,8,M,85=
Killian,2019,8,M,85=
Koby,2019,8,M,87
Kole,2019,8,M,88
Leighton,2019,8,M,89
Matteo,2019,8,M,90=
Mikolaj,2019,8,M,90=
Millar,2019,8,M,92=
Mitchell,2019,8,M,92=
Nolan,2019,8,M,94
Rayyan,2019,8,M,95=
Rogan,2019,8,M,95=
Saul,2019,8,M,97=
Syed,2019,8,M,97=
Tate,2019,8,M,99
John,2019,79,M,100
Carson,2019,77,M,101=
Innes,2019,77,M,101=
Elijah,2019,74,M,101=
Murray,2019,74,M,104=
Grayson,2019,73,M,104=
Ace,2019,7,M,106
Ajay,2019,7,M,107
Albi,2019,7,M,108=
Aydin,2019,7,M,108=
Borys,2019,7,M,108=
Brayden,2019,7,M,111=
Conan,2019,7,M,111=
Cory,2019,7,M,113=
Edan,2019,7,M,113=
Fynn,2019,7,M,113=
Gordon,2019,7,M,116=
Hughie,2019,7,M,116=
Ismail,2019,7,M,116=
Jaiden,2019,7,M,119=
Lenny,2019,7,M,119=
Lockie,2019,7,M,121=
Loki,2019,7,M,121=
Mackenzie,2019,7,M,121=
Malachy,2019,7,M,121=
Mohamed,2019,7,M,125=
Olivier,2019,7,M,125=
Otto,2019,7,M,125=
Ramsay,2019,7,M,128=
Rayan,2019,7,M,128=
Remy,2019,7,M,130=
Romeo,2019,7,M,130=
Sami,2019,7,M,130=
Sandy,2019,7,M,133=
Shae,2019,7,M,133=
Shane,2019,7,M,135
Stuart,2019,7,M,136=
Wyatt,2019,7,M,136=
Zakariya,2019,7,M,136=
Aiden,2019,69,M,136=
Aidan,2019,68,M,140
Cody,2019,67,M,141=
Elliot,2019,67,M,141=
Ben,2019,66,M,143=
Henry,2019,66,M,143=
Sam,2019,64,M,145=
Alex,2019,63,M,145=
Ellis,2019,63,M,145=
Gabriel,2019,61,M,145=
Jax,2019,61,M,145=
Callan,2019,60,M,145=
Alastair,2019,6,M,145=
Ally,2019,6,M,152
Anton,2019,6,M,153=
Avery,2019,6,M,153=
Ayan,2019,6,M,153=
Barclay,2019,6,M,153=
Bjorn,2019,6,M,157
Cayden,2019,6,M,158=
Colt,2019,6,M,158=
Corran,2019,6,M,158=
Dawid,2019,6,M,161=
Emmanuel,2019,6,M,161=
Forrest,2019,6,M,163=
Gavin,2019,6,M,163=
Grant,2019,6,M,163=
Hubert,2019,6,M,163=
Ignacy,2019,6,M,163=
Jaden,2019,6,M,163=
Jakob,2019,6,M,163=
Johnny,2019,6,M,163=
Justin,2019,6,M,171=
Kane,2019,6,M,171=
Kilian,2019,6,M,171=
Kodi,2019,6,M,171=
Korey,2019,6,M,175=
Kylo,2019,6,M,175=
Kyran,2019,6,M,175=
Lachlann,2019,6,M,175=
Maksymilian,2019,6,M,179=
Marc,2019,6,M,179=
Maximus,2019,6,M,179=
Niven,2019,6,M,179=
Noel,2019,6,M,183=
Odhran,2019,6,M,183=
Oisin,2019,6,M,183=
Ralphie,2019,6,M,183=
Ritchie,2019,6,M,187=
Roan,2019,6,M,187=
Roddy,2019,6,M,189=
Rueben,2019,6,M,189=
Rupert,2019,6,M,189=
Ryley,2019,6,M,189=
Santiago,2019,6,M,189=
Seamus,2019,6,M,194=
Simon,2019,6,M,194=
Stanislaw,2019,6,M,194=
Tymoteusz,2019,6,M,197=
Vinny,2019,6,M,197=
Walter,2019,6,M,197=
Wren,2019,6,M,197=
Yahya,2019,6,M,197=
Zain,2019,6,M,197=
Ruairidh,2019,59,M,197=
Frankie,2019,58,M,204=
Lachlan,2019,58,M,204=
Roman,2019,58,M,204=
Brody,2019,57,M,204=
Josh,2019,57,M,204=
Sebastian,2019,55,M,204=
Struan,2019,54,M,204=
Evan,2019,53,M,204=
Kyle,2019,53,M,204=
Myles,2019,53,M,204=
Calum,2019,52,M,204=
Lochlan,2019,52,M,204=
Jayden,2019,51,M,216=
Lyle,2019,51,M,216=
Robbie,2019,51,M,216=
Calvin,2019,50,M,219=
Corey,2019,50,M,219=
Jaxson,2019,50,M,219=
Ailbe,2019,5,M,219=
Anderson,2019,5,M,219=
Andy,2019,5,M,219=
Antonio,2019,5,M,225=
Aodhan,2019,5,M,225=
Arjan,2019,5,M,225=
Artur,2019,5,M,225=
Aryan,2019,5,M,225=
Ashley,2019,5,M,225=
August,2019,5,M,225=
Aulay,2019,5,M,225=
Ayman,2019,5,M,233=
Brendan,2019,5,M,233=
Brian,2019,5,M,233=
Caden,2019,5,M,233=
Cailen,2019,5,M,233=
Calder,2019,5,M,233=
Carlos,2019,5,M,233=
Casper,2019,5,M,233=
Conlyn,2019,5,M,233=
Cormac,2019,5,M,233=
Dale,2019,5,M,233=
Dalton,2019,5,M,244=
Damon,2019,5,M,244=
Danish,2019,5,M,244=
Dante,2019,5,M,244=
Darius,2019,5,M,244=
Darren,2019,5,M,244=
Daryl,2019,5,M,250=
Deacon,2019,5,M,250=
Dennis,2019,5,M,250=
Dougal,2019,5,M,250=
Eoghan,2019,5,M,250=
Ernest,2019,5,M,250=
Fionn,2019,5,M,250=
Ford,2019,5,M,250=
Fox,2019,5,M,258=
Franklin,2019,5,M,258=
Georgie,2019,5,M,258=
Gray,2019,5,M,258=
Haider,2019,5,M,258=
Harper,2019,5,M,258=
Iain,2019,5,M,264=
Ianis,2019,5,M,264=
Igor,2019,5,M,264=
Isaiah,2019,5,M,264=
Issac,2019,5,M,264=
Jai,2019,5,M,264=
Jonas,2019,5,M,264=
Kaden,2019,5,M,264=
Kailen,2019,5,M,264=
Keanu,2019,5,M,264=
Kingsley,2019,5,M,264=
Knox,2019,5,M,264=
Kobe,2019,5,M,264=
Koen,2019,5,M,264=
Kolby,2019,5,M,278=
Kolton,2019,5,M,278=
Krystian,2019,5,M,278=
Kyron,2019,5,M,278=
Laith,2019,5,M,278=
Laurie,2019,5,M,278=
Leland,2019,5,M,278=
Lleyton,2019,5,M,278=
Loui,2019,5,M,278=
Maddox,2019,5,M,278=
Markus,2019,5,M,278=
Mateusz,2019,5,M,289=
Mathew,2019,5,M,289=
Natan,2019,5,M,289=
Oli,2019,5,M,289=
Orion,2019,5,M,289=
Orrin,2019,5,M,289=
Orson,2019,5,M,289=
Patryk,2019,5,M,296=
Rafe,2019,5,M,296=
Raphael,2019,5,M,296=
Ray,2019,5,M,296=
Raymond,2019,5,M,296=
Seumas,2019,5,M,296=
Solomon,2019,5,M,296=
Tadhg,2019,5,M,296=
Ted,2019,5,M,296=
Teddie,2019,5,M,296=
Tiernan,2019,5,M,296=
Tierney,2019,5,M,296=
Timothy,2019,5,M,296=
Torrin,2019,5,M,296=
Wallace,2019,5,M,296=
Wesley,2019,5,M,296=
Yousaf,2019,5,M,296=
Yousef,2019,5,M,296=
Yousif,2019,5,M,296=
Christopher,2019,49,M,296=
Teddy,2019,49,M,296=
Eli,2019,48,M,296=
Marcus,2019,48,M,296=
Parker,2019,48,M,296=
Tyler,2019,48,M,320=
Euan,2019,47,M,320=
Hudson,2019,47,M,320=
Joey,2019,47,M,320=
Austin,2019,46,M,320=
Zac,2019,46,M,320=
Dominic,2019,45,M,320=
Kayden,2019,45,M,320=
Zack,2019,45,M,320=
Jack,2019,449,M,320=
Harvey,2019,44,M,320=
Rowan,2019,44,M,320=
Hugo,2019,43,M,320=
Edward,2019,42,M,320=
Fergus,2019,42,M,334=
Finley,2019,42,M,334=
Patrick,2019,42,M,334=
Cillian,2019,41,M,334=
Conor,2019,40,M,334=
Ruben,2019,40,M,334=
Alejandro,2019,4,M,334=
Alessandro,2019,4,M,334=
Alexandros,2019,4,M,334=
Aonghas,2019,4,M,334=
Archy,2019,4,M,334=
Ares,2019,4,M,334=
Armaan,2019,4,M,334=
Aydan,2019,4,M,334=
Baxter,2019,4,M,334=
Beauden,2019,4,M,334=
Benedict,2019,4,M,334=
Bertie,2019,4,M,334=
Blayne,2019,4,M,334=
Bowie,2019,4,M,334=
Broden,2019,4,M,334=
Bryan,2019,4,M,355=
Buddy,2019,4,M,355=
Caolan,2019,4,M,355=
Cayde,2019,4,M,355=
Chase,2019,4,M,355=
Che,2019,4,M,355=
Coll,2019,4,M,355=
Colson,2019,4,M,355=
Conner,2019,4,M,355=
Corrie,2019,4,M,355=
Damien,2019,4,M,355=
Daniyal,2019,4,M,355=
Danyal,2019,4,M,355=
Dario,2019,4,M,355=
Devlin,2019,4,M,355=
Dillon,2019,4,M,355=
Dorian,2019,4,M,355=
Eamon,2019,4,M,355=
Edmund,2019,4,M,355=
Emil,2019,4,M,355=
Emmett,2019,4,M,355=
Ewen,2019,4,M,355=
Finnlay,2019,4,M,355=
Forbes,2019,4,M,355=
Francesco,2019,4,M,355=
Franco,2019,4,M,355=
Gerard,2019,4,M,355=
Giovanni,2019,4,M,355=
Grey,2019,4,M,355=
Hadley,2019,4,M,355=
Harlow,2019,4,M,355=
Haydn,2019,4,M,355=
Heath,2019,4,M,355=
Howie,2019,4,M,355=
Ibraheem,2019,4,M,355=
Jameson,2019,4,M,355=
Jayce,2019,4,M,355=
Jonny,2019,4,M,355=
Judah,2019,4,M,355=
Jura,2019,4,M,394=
Kaelan,2019,4,M,394=
Kelvin,2019,4,M,394=
Khalid,2019,4,M,394=
Kurtis,2019,4,M,394=
Kyan,2019,4,M,394=
Laurence,2019,4,M,394=
Leonidas,2019,4,M,394=
Lomond,2019,4,M,394=
Lorcan,2019,4,M,394=
Lorenzo,2019,4,M,394=
Luis,2019,4,M,394=
Maison,2019,4,M,394=
Mayson,2019,4,M,394=
Michal,2019,4,M,394=
Milosz,2019,4,M,394=
Morgan,2019,4,M,394=
Murphy,2019,4,M,394=
Ossian,2019,4,M,394=
Ozzy,2019,4,M,394=
Pearse,2019,4,M,394=
Raheem,2019,4,M,394=
Rehan,2019,4,M,394=
Ronald,2019,4,M,394=
Santino,2019,4,M,394=
Sawyer,2019,4,M,394=
Seonaidh,2019,4,M,394=
Shaye,2019,4,M,394=
Soren,2019,4,M,394=
Sulaiman,2019,4,M,394=
Sullivan,2019,4,M,394=
Tomas,2019,4,M,394=
Tommie,2019,4,M,394=
Vivaan,2019,4,M,394=
Wilfred,2019,4,M,394=
Yunus,2019,4,M,394=
Zachariah,2019,4,M,394=
Zakaria,2019,4,M,431=
Flynn,2019,39,M,431=
Jake,2019,39,M,431=
Albie,2019,38,M,431=
Levi,2019,38,M,431=
Mohammad,2019,38,M,431=
Rhys,2019,38,M,431=
Ronan,2019,38,M,431=
Zach,2019,38,M,431=
Zachary,2019,38,M,431=
Ezra,2019,37,M,431=
Charles,2019,36,M,431=
Kian,2019,36,M,431=
Kieran,2019,36,M,431=
Mohammed,2019,36,M,431=
Oliver,2019,359,M,431=
Zak,2019,35,M,431=
James,2019,345,M,431=
Anthony,2019,34,M,431=
Bradley,2019,34,M,431=
Elliott,2019,34,M,431=
Mark,2019,33,M,431=
Miller,2019,33,M,431=
Felix,2019,32,M,431=
Harley,2019,32,M,431=
Jay,2019,32,M,431=
Jordan,2019,32,M,431=
Milo,2019,32,M,431=
Oran,2019,32,M,431=
Peter,2019,32,M,431=
Sean,2019,32,M,431=
Ciaran,2019,31,M,431=
Jasper,2019,31,M,431=
Kaiden,2019,31,M,464=
Robin,2019,31,M,464=
Charlie,2019,306,M,464=
Harris,2019,304,M,464=
Caelan,2019,30,M,464=
Cohen,2019,30,M,464=
Magnus,2019,30,M,464=
Xander,2019,30,M,464=
Aahil,2019,3,M,464=
Aaran,2019,3,M,464=
Aarav,2019,3,M,464=
Aayansh,2019,3,M,464=
Abdallah,2019,3,M,464=
Abe,2019,3,M,464=
Abraham,2019,3,M,464=
Alexandru,2019,3,M,464=
Amos,2019,3,M,464=
Aonghus,2019,3,M,464=
Apollo,2019,3,M,464=
Arham,2019,3,M,464=
Arjun,2019,3,M,464=
Armando,2019,3,M,464=
Arron,2019,3,M,464=
Arryn,2019,3,M,464=
Asa,2019,3,M,464=
Ash,2019,3,M,464=
Austen,2019,3,M,464=
Baillie,2019,3,M,464=
Bentley,2019,3,M,464=
Bo,2019,3,M,464=
Bowen,2019,3,M,464=
Braxton,2019,3,M,464=
Brooklyn,2019,3,M,464=
Caelen,2019,3,M,464=
Caelin,2019,3,M,464=
Cai,2019,3,M,464=
Cairo,2019,3,M,464=
Cal,2019,3,M,464=
Camden,2019,3,M,464=
Carter-James,2019,3,M,464=
Cassius,2019,3,M,464=
Cayson,2019,3,M,464=
Cezary,2019,3,M,464=
Chay,2019,3,M,464=
Cjay,2019,3,M,464=
Clyde,2019,3,M,464=
Cobie,2019,3,M,464=
Cobyn,2019,3,M,464=
Copland,2019,3,M,464=
Cullen,2019,3,M,464=
Damir,2019,3,M,464=
Dara,2019,3,M,464=
Dax,2019,3,M,516=
Denver,2019,3,M,516=
Devon,2019,3,M,516=
Dhruv,2019,3,M,516=
Diego,2019,3,M,516=
Dilan,2019,3,M,516=
Elis,2019,3,M,516=
Emilio,2019,3,M,516=
Emin,2019,3,M,516=
Ernie,2019,3,M,516=
Finnley,2019,3,M,516=
Franky,2019,3,M,516=
Frazer,2019,3,M,516=
Fred,2019,3,M,516=
Gene,2019,3,M,516=
Gethin,2019,3,M,516=
Gino,2019,3,M,516=
Graham,2019,3,M,516=
Greig,2019,3,M,516=
Guy,2019,3,M,516=
Hamzah,2019,3,M,516=
Hasnain,2019,3,M,516=
Hendrik,2019,3,M,516=
Himmat,2019,3,M,516=
Innis,2019,3,M,516=
Ioannis,2019,3,M,516=
Iustin,2019,3,M,516=
Izaac,2019,3,M,516=
Jak,2019,3,M,516=
Jaxen,2019,3,M,516=
Jayson,2019,3,M,516=
Jed,2019,3,M,516=
Jimmy,2019,3,M,516=
John-James,2019,3,M,516=
Kabir,2019,3,M,516=
Kadyn,2019,3,M,516=
Kaidyn,2019,3,M,516=
Kaii,2019,3,M,516=
Kairo,2019,3,M,516=
Kajus,2019,3,M,516=
Kallum,2019,3,M,516=
Kalvyn,2019,3,M,516=
Kamil,2019,3,M,516=
Karol,2019,3,M,516=
Kaylen,2019,3,M,516=
Keelan,2019,3,M,516=
Keiran,2019,3,M,516=
Keith,2019,3,M,516=
Kenneth,2019,3,M,516=
Klay,2019,3,M,516=
Koah,2019,3,M,516=
Kohen,2019,3,M,516=
Kornel,2019,3,M,516=
Kye,2019,3,M,516=
Kylan,2019,3,M,516=
Kyson,2019,3,M,516=
Lars,2019,3,M,516=
Leif,2019,3,M,516=
Lloyd,2019,3,M,516=
Lochie,2019,3,M,516=
Lochlann,2019,3,M,516=
Lochlyn,2019,3,M,516=
Lucca,2019,3,M,516=
Macaulay,2019,3,M,516=
Mackie,2019,3,M,516=
Malik,2019,3,M,516=
Manuel,2019,3,M,516=
Mario,2019,3,M,516=
Marlow,2019,3,M,516=
Matas,2019,3,M,516=
Matias,2019,3,M,516=
Maverick,2019,3,M,516=
Maxim,2019,3,M,516=
Micheal,2019,3,M,516=
Milan,2019,3,M,516=
Mohamad,2019,3,M,516=
Neil,2019,3,M,516=
Nicky,2019,3,M,516=
Noa,2019,3,M,516=
Omer,2019,3,M,516=
Orin,2019,3,M,516=
Orlando,2019,3,M,516=
Osten,2019,3,M,516=
Ovie,2019,3,M,516=
Paolo,2019,3,M,516=
Pierce,2019,3,M,516=
Piotr,2019,3,M,516=
Prince,2019,3,M,516=
Quinten,2019,3,M,516=
Raife,2019,3,M,516=
Ralphy,2019,3,M,516=
Rami,2019,3,M,516=
Rayaan,2019,3,M,516=
Reagan,2019,3,M,609=
Reid,2019,3,M,609=
Reign,2019,3,M,609=
Reilly,2019,3,M,609=
Reiss,2019,3,M,609=
Rhudi,2019,3,M,609=
Rian,2019,3,M,609=
Richie,2019,3,M,609=
Ricky,2019,3,M,609=
Roberts,2019,3,M,609=
Roland,2019,3,M,609=
Rowen,2019,3,M,609=
Roy,2019,3,M,609=
Ruan,2019,3,M,609=
Rufus,2019,3,M,609=
Rui,2019,3,M,609=
Saif,2019,3,M,609=
Sammy,2019,3,M,609=
Shayan,2019,3,M,609=
Sidney,2019,3,M,609=
Sigurd,2019,3,M,609=
Stan,2019,3,M,609=
Teo,2019,3,M,609=
Theodor,2019,3,M,609=
Thorfinn,2019,3,M,609=
Toran,2019,3,M,609=
Tyler-James,2019,3,M,609=
Tyrone,2019,3,M,609=
Vincenzo,2019,3,M,609=
Weston,2019,3,M,609=
Wilbur,2019,3,M,609=
Woody,2019,3,M,609=
Yahia,2019,3,M,609=
Youssef,2019,3,M,609=
Yousuf,2019,3,M,609=
Zalan,2019,3,M,609=
Zayaan,2019,3,M,609=
Zayne,2019,3,M,609=
Zion,2019,3,M,609=
Jason,2019,29,M,609=
Reece,2019,29,M,609=
Ruairi,2019,29,M,609=
Scott,2019,29,M,609=
Lewis,2019,280,M,609=
Cian,2019,28,M,609=
Filip,2019,28,M,609=
Nico,2019,28,M,609=
Olly,2019,28,M,609=
Leo,2019,278,M,609=
Noah,2019,272,M,609=
Gregor,2019,27,M,609=
Junior,2019,27,M,609=
Alfie,2019,261,M,609=
Antoni,2019,26,M,609=
Colton,2019,26,M,609=
Jenson,2019,26,M,609=
Layton,2019,26,M,609=
Ross,2019,26,M,609=
Rory,2019,258,M,609=
Frederick,2019,25,M,609=
Maxwell,2019,25,M,609=
Nicholas,2019,25,M,609=
Alexander,2019,240,M,609=
Danny,2019,24,M,609=
Declan,2019,24,M,609=
Ibrahim,2019,24,M,609=
Oskar,2019,24,M,609=
Reggie,2019,24,M,609=
Shay,2019,24,M,609=
Zander,2019,24,M,609=
Max,2019,237,M,609=
Logan,2019,235,M,609=
Alasdair,2019,23,M,609=
Ashton,2019,23,M,609=
Cruz,2019,23,M,609=
Findlay,2019,23,M,609=
Hayden,2019,23,M,609=
Jace,2019,23,M,609=
Kerr,2019,23,M,609=
Rio,2019,23,M,609=
Rudi,2019,23,M,609=
Spencer,2019,23,M,609=
Taylor,2019,23,M,609=
Toby,2019,23,M,609=
Lucas,2019,229,M,609=
Harry,2019,227,M,609=
Joel,2019,22,M,609=
Keir,2019,22,M,609=
Paul,2019,22,M,609=
Theo,2019,218,M,609=
Thomas,2019,218,M,609=
Bobby,2019,21,M,609=
Campbell,2019,21,M,701=
Kacper,2019,21,M,701=
Miles,2019,21,M,701=
Otis,2019,21,M,701=
Travis,2019,21,M,701=
Brodie,2019,205,M,701=
Archie,2019,204,M,701=
Jacob,2019,203,M,701=
Finlay,2019,201,M,701=
Finn,2019,201,M,701=
Alan,2019,20,M,701=
Alfred,2019,20,M,701=
Erik,2019,20,M,701=
Kevin,2019,20,M,701=
Marcel,2019,20,M,701=
Nathaniel,2019,20,M,701=
Quinn,2019,20,M,701=
Yusuf,2019,20,M,701=
A,2019,2,M,701=
A-Jay,2019,2,M,701=
Aaryan,2019,2,M,701=
Aaryn,2019,2,M,701=
Aayan,2019,2,M,701=
Abdulaziz,2019,2,M,701=
Abdulrahman,2019,2,M,701=
Abdurrahman,2019,2,M,701=
Abu,2019,2,M,701=
Adeel,2019,2,M,701=
Aden,2019,2,M,701=
Adie,2019,2,M,701=
Aditya,2019,2,M,701=
Adlai,2019,2,M,701=
Adley,2019,2,M,701=
Adriel,2019,2,M,701=
Advay,2019,2,M,701=
Ahyaan,2019,2,M,701=
Aian,2019,2,M,701=
Aidyn,2019,2,M,701=
Ajit,2019,2,M,701=
Alisdair,2019,2,M,701=
Aliyaan,2019,2,M,701=
Alyaan,2019,2,M,701=
Amjad,2019,2,M,701=
Andreas,2019,2,M,701=
Andrej,2019,2,M,701=
Andres,2019,2,M,701=
Antony,2019,2,M,701=
Aran,2019,2,M,701=
Argyle,2019,2,M,701=
Arian,2019,2,M,701=
Arin,2019,2,M,701=
Aris,2019,2,M,701=
Arish,2019,2,M,701=
Arlen,2019,2,M,701=
Arlie,2019,2,M,701=
Armand,2019,2,M,701=
Aros,2019,2,M,701=
Arsalan,2019,2,M,701=
Artin,2019,2,M,701=
Aston,2019,2,M,701=
Atholl,2019,2,M,701=
Atlas,2019,2,M,701=
Aubrey,2019,2,M,701=
Auley,2019,2,M,701=
Azeem,2019,2,M,701=
Azlan,2019,2,M,701=
Baker,2019,2,M,701=
Balfour,2019,2,M,701=
Baran,2019,2,M,701=
Barnaby,2019,2,M,701=
Barry,2019,2,M,701=
Basil,2019,2,M,701=
Beaux,2019,2,M,701=
Benji,2019,2,M,701=
Bennett,2019,2,M,701=
Benni,2019,2,M,701=
Benny,2019,2,M,701=
Bilal,2019,2,M,701=
Blaise,2019,2,M,701=
Blakely,2019,2,M,701=
Blane,2019,2,M,701=
Blayke,2019,2,M,701=
Boyan,2019,2,M,701=
Braiden,2019,2,M,701=
Bram,2019,2,M,701=
Brax,2019,2,M,701=
Bray,2019,2,M,701=
Braydon,2019,2,M,701=
Briar,2019,2,M,701=
Brodi,2019,2,M,701=
Brogan,2019,2,M,701=
Bryden,2019,2,M,701=
Bryson,2019,2,M,701=
Buzz,2019,2,M,701=
Byron,2019,2,M,701=
C-Jay,2019,2,M,701=
Caeleb,2019,2,M,701=
Cailan,2019,2,M,701=
Caillan,2019,2,M,701=
Cain,2019,2,M,701=
Caio,2019,2,M,701=
Calan,2019,2,M,701=
Cammy,2019,2,M,701=
Caoimhin,2019,2,M,701=
Casen,2019,2,M,701=
Caspian,2019,2,M,701=
Cassidy,2019,2,M,701=
Chace,2019,2,M,701=
Charley,2019,2,M,701=
Charlie-James,2019,2,M,701=
Chris,2019,2,M,701=
Christy,2019,2,M,701=
Clarke,2019,2,M,701=
Clay,2019,2,M,701=
Coben,2019,2,M,701=
Cobey,2019,2,M,701=
Cohan,2019,2,M,701=
Cole-James,2019,2,M,701=
Colm,2019,2,M,701=
Corin,2019,2,M,701=
Crawford,2019,2,M,701=
Cyrus,2019,2,M,701=
Daire,2019,2,M,701=
Dallas,2019,2,M,701=
Darach,2019,2,M,701=
Darryl,2019,2,M,701=
Darwin,2019,2,M,701=
Dashiell,2019,2,M,701=
David-James,2019,2,M,701=
Davis,2019,2,M,701=
Daxton,2019,2,M,701=
Dayle,2019,2,M,701=
Deen,2019,2,M,701=
Deniz,2019,2,M,701=
Denny,2019,2,M,701=
Derek,2019,2,M,701=
Derry,2019,2,M,701=
Devansh,2019,2,M,701=
Devin,2019,2,M,701=
Devyn,2019,2,M,701=
Dillan,2019,2,M,701=
Domantas,2019,2,M,701=
Dominykas,2019,2,M,701=
Donovan,2019,2,M,701=
Dovydas,2019,2,M,701=
Eamonn,2019,2,M,701=
Easton,2019,2,M,701=
Eddy,2019,2,M,701=
Edwin,2019,2,M,701=
Eesah,2019,2,M,701=
Eisa,2019,2,M,701=
Ekam,2019,2,M,701=
Elijus,2019,2,M,701=
Elisei,2019,2,M,701=
Eliyas,2019,2,M,701=
Ellias,2019,2,M,701=
Emanuel,2019,2,M,701=
Emils,2019,2,M,701=
Emlyn,2019,2,M,701=
Emmet,2019,2,M,701=
Erick,2019,2,M,701=
Erland,2019,2,M,701=
Ernesto,2019,2,M,701=
Eryk,2019,2,M,701=
Esa,2019,2,M,701=
Essa,2019,2,M,701=
Eugene,2019,2,M,701=
Eyad,2019,2,M,701=
Faustas,2019,2,M,701=
Fawaz,2019,2,M,701=
Fayzan,2019,2,M,701=
Finan,2019,2,M,701=
Finnan,2019,2,M,701=
Finnian,2019,2,M,701=
Fintan,2019,2,M,701=
Florin,2019,2,M,701=
Francisco,2019,2,M,877=
Frederik,2019,2,M,877=
Fredrik,2019,2,M,877=
Fyfe,2019,2,M,877=
Gareth,2019,2,M,877=
Garry,2019,2,M,877=
Gennaro,2019,2,M,877=
Geordie,2019,2,M,877=
Gerry,2019,2,M,877=
Ghazi,2019,2,M,877=
Gibson,2019,2,M,877=
Glenn,2019,2,M,877=
Graison,2019,2,M,877=
Greg,2019,2,M,877=
Grier,2019,2,M,877=
Guthrie,2019,2,M,877=
Haaris,2019,2,M,877=
Hadi,2019,2,M,877=
Harlen,2019,2,M,877=
Harlie,2019,2,M,877=
Haroun,2019,2,M,877=
Harri,2019,2,M,877=
Hasan,2019,2,M,877=
Hashim,2019,2,M,877=
Haytham,2019,2,M,877=
Hendrix,2019,2,M,877=
Henrik,2019,2,M,877=
Herkus,2019,2,M,877=
Hussain,2019,2,M,877=
Huxley,2019,2,M,877=
Isaak,2019,2,M,877=
Ishaan,2019,2,M,877=
Ismael,2019,2,M,877=
Israel,2019,2,M,877=
Iver,2019,2,M,877=
Ivo,2019,2,M,877=
Izaya,2019,2,M,877=
Izhaan,2019,2,M,877=
Jacek,2019,2,M,877=
Jacob-James,2019,2,M,877=
Jacques,2019,2,M,877=
Jad,2019,2,M,877=
Jaidyn,2019,2,M,877=
Jakson,2019,2,M,877=
Jamieson,2019,2,M,877=
Jared,2019,2,M,877=
Jaydan,2019,2,M,877=
Jeremiah,2019,2,M,877=
Jerry,2019,2,M,877=
Jett,2019,2,M,877=
Jimi,2019,2,M,877=
Jimmie,2019,2,M,877=
Johannes,2019,2,M,877=
Johnathon,2019,2,M,877=
Johnnie,2019,2,M,877=
Jordi,2019,2,M,877=
Jordy,2019,2,M,877=
Jose,2019,2,M,877=
Josiah,2019,2,M,877=
Jovan,2019,2,M,877=
Julius,2019,2,M,877=
Kaan,2019,2,M,877=
Kael,2019,2,M,877=
Kaid,2019,2,M,877=
Kaide,2019,2,M,877=
Kal,2019,2,M,877=
Kallan,2019,2,M,877=
Kanin,2019,2,M,877=
Karam,2019,2,M,877=
Kareem,2019,2,M,877=
Kash,2019,2,M,877=
Kason,2019,2,M,877=
Kasper,2019,2,M,877=
Kaylan,2019,2,M,877=
Keaghan,2019,2,M,877=
Kenny,2019,2,M,877=
Ker,2019,2,M,877=
Keyaan,2019,2,M,877=
Keyan,2019,2,M,877=
Khaled,2019,2,M,877=
Khalil,2019,2,M,877=
Kier,2019,2,M,877=
King,2019,2,M,877=
Kingston,2019,2,M,877=
Kinlay,2019,2,M,877=
Klae,2019,2,M,877=
Kobie,2019,2,M,877=
Kobin,2019,2,M,877=
Kobyn,2019,2,M,877=
Kodie,2019,2,M,877=
Kolbi,2019,2,M,877=
Konstanty,2019,2,M,877=
Kory,2019,2,M,877=
Kray,2019,2,M,877=
Krishiv,2019,2,M,877=
Ksawery,2019,2,M,877=
Kuba,2019,2,M,877=
Kwabena,2019,2,M,877=
Kylian,2019,2,M,877=
Kyrin,2019,2,M,877=
Kyro,2019,2,M,877=
Laird,2019,2,M,877=
Landon,2019,2,M,877=
Lawrence,2019,2,M,877=
Layne,2019,2,M,877=
Layton-James,2019,2,M,877=
Lewie,2019,2,M,877=
Lio,2019,2,M,877=
Llewyn,2019,2,M,877=
Loghan,2019,2,M,877=
Louka,2019,2,M,877=
Luan,2019,2,M,877=
Luc,2019,2,M,877=
Lucas-Scott,2019,2,M,877=
Luciano,2019,2,M,877=
Lucifer,2019,2,M,877=
Ludovico,2019,2,M,877=
Lyal,2019,2,M,877=
Mahir,2019,2,M,877=
Mahmood,2019,2,M,877=
Maks,2019,2,M,877=
Malachi,2019,2,M,877=
Mani,2019,2,M,877=
Manveer,2019,2,M,877=
Marlo,2019,2,M,877=
Marty,2019,2,M,877=
Martyn,2019,2,M,877=
Mason-James,2019,2,M,877=
Matisse,2019,2,M,877=
Matt,2019,2,M,877=
Maxime,2019,2,M,877=
Mckenzie,2019,2,M,877=
Md,2019,2,M,877=
Mehmed,2019,2,M,877=
Mehmet,2019,2,M,877=
Mete,2019,2,M,877=
Mihail,2019,2,M,877=
Mikal,2019,2,M,877=
Mike,2019,2,M,877=
Mikkel,2019,2,M,877=
Millen,2019,2,M,877=
Miran,2019,2,M,877=
Mitch,2019,2,M,877=
Mohab,2019,2,M,877=
Moiz,2019,2,M,877=
Montgomery,2019,2,M,877=
Monty,2019,2,M,877=
Moray,2019,2,M,877=
Morris,2019,2,M,877=
Mubeen,2019,2,M,877=
Murdoch,2019,2,M,877=
Nali,2019,2,M,877=
Natanael,2019,2,M,877=
Nathanael,2019,2,M,877=
Nawaz,2019,2,M,877=
Nihaal,2019,2,M,877=
Nihal,2019,2,M,877=
Nikolai,2019,2,M,877=
Nikolaos,2019,2,M,877=
Nile,2019,2,M,877=
Nixon,2019,2,M,877=
Nyle,2019,2,M,877=
Obadiah,2019,2,M,877=
Oban,2019,2,M,877=
Ocean,2019,2,M,877=
Olaf,2019,2,M,877=
Omari,2019,2,M,877=
Oren,2019,2,M,877=
Orran,2019,2,M,877=
Oryn,2019,2,M,877=
Oskaras,2019,2,M,877=
Padraig,2019,2,M,877=
Paulo,2019,2,M,877=
Pip,2019,2,M,877=
Qusay,2019,2,M,877=
Radin,2019,2,M,877=
Raef,2019,2,M,877=
Rafferty,2019,2,M,877=
Raffi,2019,2,M,877=
Reegan,2019,2,M,877=
Regan,2019,2,M,877=
Rehaan,2019,2,M,877=
Remi,2019,2,M,877=
Reo,2019,2,M,877=
Reon,2019,2,M,877=
Reve,2019,2,M,877=
Rhiley,2019,2,M,877=
Rhoan,2019,2,M,877=
Rhogan,2019,2,M,877=
Rhu,2019,2,M,877=
Riccardo,2019,2,M,877=
Roderick,2019,2,M,877=
Romi,2019,2,M,877=
Ronin,2019,2,M,877=
Roran,2019,2,M,877=
Roscoe,2019,2,M,877=
Roux,2019,2,M,877=
Ruaidhri,2019,2,M,877=
Russell,2019,2,M,877=
Saad,2019,2,M,877=
Sahil,2019,2,M,877=
Salahuddin,2019,2,M,877=
Samarth,2019,2,M,877=
Samy,2019,2,M,877=
Satvik,2019,2,M,877=
Seb,2019,2,M,877=
Seoras,2019,2,M,877=
Serge,2019,2,M,877=
Shahwaiz,2019,2,M,877=
Siddhant,2019,2,M,877=
Somhairle,2019,2,M,877=
Sorley,2019,2,M,877=
Sorren,2019,2,M,877=
Stevie,2019,2,M,877=
Stirling,2019,2,M,877=
Storm,2019,2,M,877=
Subhan,2019,2,M,877=
Sufyaan,2019,2,M,877=
Sunny,2019,2,M,877=
Tavish,2019,2,M,877=
Teejay,2019,2,M,877=
Teodor,2019,2,M,877=
Terry,2019,2,M,877=
Thierry,2019,2,M,877=
Thomas-James,2019,2,M,877=
Thomas-John,2019,2,M,877=
Thomson,2019,2,M,877=
Thorin,2019,2,M,877=
Thurston,2019,2,M,877=
Tiarnan,2019,2,M,877=
Tim,2019,2,M,877=
Tjay,2019,2,M,877=
Tommaso,2019,2,M,877=
Torben,2019,2,M,877=
Toren,2019,2,M,877=
Torran,2019,2,M,877=
Ty,2019,2,M,877=
Tyson,2019,2,M,877=
Umar,2019,2,M,877=
Vance,2019,2,M,877=
Veer,2019,2,M,877=
Viggo,2019,2,M,877=
Vihaan,2019,2,M,877=
Viktor,2019,2,M,877=
Vito,2019,2,M,877=
Wali,2019,2,M,877=
Wassim,2019,2,M,877=
Wayne,2019,2,M,877=
Wojciech,2019,2,M,877=
Yasser,2019,2,M,877=
Yichen,2019,2,M,877=
Yohaan,2019,2,M,877=
Younes,2019,2,M,877=
Younis,2019,2,M,877=
Yusef,2019,2,M,877=
Yuvraj,2019,2,M,877=
Zakk,2019,2,M,877=
Zane,2019,2,M,877=
Zayd,2019,2,M,877=
Zeno,2019,2,M,877=
Zidan,2019,2,M,877=
Zidane,2019,2,M,877=
Billy,2019,19,M,877=
Douglas,2019,19,M,877=
Eden,2019,19,M,877=
Ewan,2019,19,M,877=
Jakub,2019,19,M,877=
Jonah,2019,19,M,877=
Leonardo,2019,19,M,877=
Mac,2019,19,M,877=
Murdo,2019,19,M,877=
Ronnie,2019,19,M,877=
Vincent,2019,19,M,877=
Daniel,2019,186,M,877=
Joshua,2019,180,M,877=
Ali,2019,18,M,877=
Asher,2019,18,M,877=
Bailey,2019,18,M,877=
Enzo,2019,18,M,877=
Lennox,2019,18,M,877=
Niall,2019,18,M,877=
Oscar,2019,175,M,877=
Arthur,2019,170,M,877=
Alistair,2019,17,M,877=
Colby,2019,17,M,877=
Francis,2019,17,M,877=
Julian,2019,17,M,877=
Keegan,2019,17,M,877=
Luka,2019,17,M,877=
Odin,2019,17,M,877=
Steven,2019,17,M,877=
Hunter,2019,169,M,877=
Ethan,2019,168,M,877=
Mason,2019,168,M,877=
Harrison,2019,162,M,877=
Duncan,2019,16,M,877=
Kade,2019,16,M,877=
Musa,2019,16,M,877=
Mustafa,2019,16,M,877=
Oakley,2019,16,M,877=
Rex,2019,16,M,877=
Freddie,2019,157,M,877=
Ollie,2019,153,M,877=
Adam,2019,151,M,877=
Archer,2019,15,M,877=
Axel,2019,15,M,877=
Ayden,2019,15,M,877=
Caiden,2019,15,M,877=
Craig,2019,15,M,877=
Lauchlan,2019,15,M,877=
Lennon,2019,15,M,877=
Lukas,2019,15,M,877=
Maximilian,2019,15,M,877=
Mylo,2019,15,M,877=
Nikodem,2019,15,M,877=
Rocco,2019,15,M,877=
Rohan,2019,15,M,877=
Xavier,2019,15,M,877=
William,2019,147,M,877=
Jaxon,2019,146,M,877=
Aaron,2019,143,M,877=
Cameron,2019,140,M,877=
Abel,2019,14,M,877=
Elias,2019,14,M,877=
Eric,2019,14,M,877=
Franciszek,2019,14,M,877=
Kaleb,2019,14,M,877=
Karson,2019,14,M,877=
Kody,2019,14,M,877=
Lincoln,2019,14,M,877=
Phoenix,2019,14,M,877=
Stephen,2019,14,M,877=
Tristan,2019,14,M,877=
Liam,2019,139,M,877=
George,2019,131,M,877=
Abdullah,2019,13,M,877=
Dexter,2019,13,M,877=
Ian,2019,13,M,877=
Jensen,2019,13,M,877=
Jonathan,2019,13,M,877=
Richard,2019,13,M,877=
Zayn,2019,13,M,877=
Jamie,2019,129,M,877=
Callum,2019,124,M,877=
Matthew,2019,122,M,877=
Muhammad,2019,121,M,877=
Adrian,2019,12,M,877=
Aleksander,2019,12,M,877=
Ayaan,2019,12,M,877=
Bruno,2019,12,M,877=
Cailean,2019,12,M,877=
Christian,2019,12,M,877=
Coby,2019,12,M,877=
Conall,2019,12,M,877=
Haris,2019,12,M,877=
Ivor,2019,12,M,877=
Kit,2019,12,M,877=
Lawson,2019,12,M,877=
Lee,2019,12,M,877=
Marco,2019,12,M,877=
Martin,2019,12,M,877=
Matei,2019,12,M,877=
Munro,2019,12,M,877=
Oliwier,2019,12,M,877=
River,2019,12,M,877=
Ruari,2019,12,M,877=
Stanley,2019,12,M,877=
Szymon,2019,12,M,877=
Tom,2019,12,M,877=
Tymon,2019,12,M,877=
Caleb,2019,115,M,877=
Nathan,2019,114,M,877=
Tommy,2019,113,M,877=
Carter,2019,112,M,877=
Blake,2019,111,M,877=
Andrew,2019,110,M,877=
Luke,2019,110,M,877=
Bruce,2019,11,M,877=
Darragh,2019,11,M,877=
Dean,2019,11,M,877=
Idris,2019,11,M,877=
Jesse,2019,11,M,877=
Malcolm,2019,11,M,877=
Mateo,2019,11,M,877=
Mikey,2019,11,M,877=
Nate,2019,11,M,877=
Omar,2019,11,M,877=
Preston,2019,11,M,877=
Ruaraidh,2019,11,M,877=
Rudy,2019,11,M,877=
Vinnie,2019,11,M,877=
Jude,2019,108,M,877=
Angus,2019,104,M,877=
Riley,2019,104,M,877=
Luca,2019,103,M,877=
Samuel,2019,103,M,877=
Joseph,2019,102,M,877=
David,2019,101,M,877=
Isaac,2019,100,M,877=
Alec,2019,10,M,877=
Allan,2019,10,M,877=
Callen,2019,10,M,877=
Colin,2019,10,M,877=
Conlan,2019,10,M,877=
Curtis,2019,10,M,877=
Dawson,2019,10,M,877=
Dominik,2019,10,M,877=
Eddie,2019,10,M,877=
Greyson,2019,10,M,877=
Jaxx,2019,10,M,877=
Kobi,2019,10,M,877=
Leyton,2019,10,M,877=
Nairn,2019,10,M,877=
Nicolas,2019,10,M,877=
Ralph,2019,10,M,877=
Seth,2019,10,M,877=
Shaun,2019,10,M,877=
Tobias,2019,10,M,877=
Victor,2019,10,M,877=
Wiktor,2019,10,M,877=
Aadam,2019,1,M,1297=
Aaden,2019,1,M,1297=
Aadhvik,2019,1,M,1297=
Aafiq,2019,1,M,1297=
Aanhad,2019,1,M,1297=
Aansh,2019,1,M,1297=
Aaren,2019,1,M,1297=
Aarib,2019,1,M,1297=
Aarish,2019,1,M,1297=
Aariz,2019,1,M,1297=
Aaroh,2019,1,M,1297=
Aarush,2019,1,M,1297=
Aaryansh,2019,1,M,1297=
Aathiran,2019,1,M,1297=
Aaycen,2019,1,M,1297=
Aayush,2019,1,M,1297=
Abbas,2019,1,M,1297=
Abdalah,2019,1,M,1297=
Abdalla,2019,1,M,1297=
Abdelmoneim,2019,1,M,1297=
Abdoulie,2019,1,M,1297=
Abduallah,2019,1,M,1297=
Abdul-Ahad,2019,1,M,1297=
Abdul-Bari,2019,1,M,1297=
Abdul-Hameed,2019,1,M,1297=
Abdul-Mannan,2019,1,M,1297=
Abdul-Rahman,2019,1,M,1297=
Abdulhamid,2019,1,M,1297=
Abdulrazzaq,2019,1,M,1297=
Abduraheem,2019,1,M,1297=
Abdussalam,2019,1,M,1297=
Abhainn,2019,1,M,1297=
Abhav,2019,1,M,1297=
Abhyuday,2019,1,M,1297=
Abid,2019,1,M,1297=
Abinav,2019,1,M,1297=
Abiral,2019,1,M,1297=
Abiselom,2019,1,M,1297=
Aboubacar,2019,1,M,1297=
Abrahim,2019,1,M,1297=
Abtin,2019,1,M,1297=
Abubakar,2019,1,M,1297=
Abyan,2019,1,M,1297=
Acee,2019,1,M,1297=
Achilleas-Markus,2019,1,M,1297=
Achim,2019,1,M,1297=
Adamas,2019,1,M,1297=
Adas,2019,1,M,1297=
Addhafir,2019,1,M,1297=
Addley,2019,1,M,1297=
Adebare,2019,1,M,1297=
Adekunle,2019,1,M,1297=
Adelin,2019,1,M,1297=
Adem,2019,1,M,1297=
Aden-James,2019,1,M,1297=
Adheen,2019,1,M,1297=
Adhrith,2019,1,M,1297=
Adhvik,2019,1,M,1297=
Adi,2019,1,M,1297=
Adil,2019,1,M,1297=
Adimchinobi,2019,1,M,1297=
Adonis,2019,1,M,1297=
Adriano,2019,1,M,1297=
Adrians,2019,1,M,1297=
Adrius,2019,1,M,1297=
Advith,2019,1,M,1297=
Aedan,2019,1,M,1297=
Aemil,2019,1,M,1297=
Aengus,2019,1,M,1297=
Aeryn,2019,1,M,1297=
Afolabi,2019,1,M,1297=
Agha,2019,1,M,1297=
Agham,2019,1,M,1297=
Agostino,2019,1,M,1297=
Ahaan,2019,1,M,1297=
Ahad,2019,1,M,1297=
Ahil,2019,1,M,1297=
Ahlby,2019,1,M,1297=
Ahran,2019,1,M,1297=
Ahren,2019,1,M,1297=
Ahyan,2019,1,M,1297=
Ai-J,2019,1,M,1297=
Aibrahym,2019,1,M,1297=
Aidy,2019,1,M,1297=
Aijaz,2019,1,M,1297=
Ailbie,2019,1,M,1297=
Aimar,2019,1,M,1297=
Ainey,2019,1,M,1297=
Airith,2019,1,M,1297=
Aiven,2019,1,M,1297=
Aiyden,2019,1,M,1297=
Aizen,2019,1,M,1297=
Aj,2019,1,M,1297=
Ajus,2019,1,M,1297=
Akaal,2019,1,M,1297=
Akil,2019,1,M,1297=
Akim,2019,1,M,1297=
Akinmade,2019,1,M,1297=
Akram,2019,1,M,1297=
Aksel,2019,1,M,1297=
Al-Waasi,2019,1,M,1297=
Alaa,2019,1,M,1297=
Alaistair,2019,1,M,1297=
Alan-John,2019,1,M,1297=
Alanas,2019,1,M,1297=
Albie-James,2019,1,M,1297=
Albus,2019,1,M,1297=
Alby,2019,1,M,1297=
Alden,2019,1,M,1297=
Aldo,2019,1,M,1297=
Alec-John,2019,1,M,1297=
Aled,2019,1,M,1297=
Aleksander-Benjamin,2019,1,M,1297=
Alexandar,2019,1,M,1297=
Alexander-George,2019,1,M,1297=
Alexander-James,2019,1,M,1297=
Alexander-John,2019,1,M,1297=
Alexander-Leigh,2019,1,M,1297=
Alexandre,2019,1,M,1297=
Alexey,2019,1,M,1297=
Alexios,2019,1,M,1297=
Alfee,2019,1,M,1297=
Alfie-James,2019,1,M,1297=
Alfie-Jay,2019,1,M,1297=
Alfie-Jorge,2019,1,M,1297=
Alfons,2019,1,M,1297=
Alijah,2019,1,M,1297=
Aljaili,2019,1,M,1297=
Allaric,2019,1,M,1297=
Allister,2019,1,M,1297=
Almir,2019,1,M,1297=
Alp,2019,1,M,1297=
Alric,2019,1,M,1297=
Alston,2019,1,M,1297=
Alvaro,2019,1,M,1297=
Alvin,2019,1,M,1297=
Aly,2019,1,M,1297=
Amaan,2019,1,M,1297=
Aman,2019,1,M,1297=
Amanvir,2019,1,M,1297=
Amar,2019,1,M,1297=
Ambrose,2019,1,M,1297=
Ameer,2019,1,M,1297=
Amen,2019,1,M,1297=
Amer,2019,1,M,1297=
Ammar,2019,1,M,1297=
Amour,2019,1,M,1297=
Anaf,2019,1,M,1297=
Anakin,2019,1,M,1297=
Ananda,2019,1,M,1297=
Anas,2019,1,M,1297=
Andhrianos,2019,1,M,1297=
Andhuvan,2019,1,M,1297=
Andi,2019,1,M,1297=
Andikan,2019,1,M,1297=
Andra,2019,1,M,1297=
Andras,2019,1,M,1297=
Andreas-Zachari,2019,1,M,1297=
Andrei,2019,1,M,1297=
Andrejus,2019,1,M,1297=
Andrey,2019,1,M,1297=
Andrzej,2019,1,M,1297=
Anees,2019,1,M,1297=
Anel,2019,1,M,1297=
Angad,2019,1,M,1297=
Angadbir,2019,1,M,1297=
Angel,2019,1,M,1297=
Angelo,2019,1,M,1297=
Angelos,2019,1,M,1297=
Angus-Sofus,2019,1,M,1297=
Anirudh,2019,1,M,1297=
Ano,2019,1,M,1297=
Anoor,2019,1,M,1297=
Ansumana,2019,1,M,1297=
Antek,2019,1,M,1297=
Anthony-Richard,2019,1,M,1297=
Antoine,2019,1,M,1297=
Anwar,2019,1,M,1297=
Aqeel,2019,1,M,1297=
Arash,2019,1,M,1297=
Archi,2019,1,M,1297=
Archibald-Blu,2019,1,M,1297=
Archie-James,2019,1,M,1297=
Archie-John,2019,1,M,1297=
Ardan,2019,1,M,1297=
Ardashir,2019,1,M,1297=
Arden,2019,1,M,1297=
Ardhy,2019,1,M,1297=
Ardyn,2019,1,M,1297=
Areen,2019,1,M,1297=
Argyll,2019,1,M,1297=
Arib,2019,1,M,1297=
Aric,2019,1,M,1297=
Ariel,2019,1,M,1297=
Arif,2019,1,M,1297=
Arijus,2019,1,M,1297=
Ariko,2019,1,M,1297=
Ario,2019,1,M,1297=
Arion,2019,1,M,1297=
Aristides,2019,1,M,1297=
Aristotelis,2019,1,M,1297=
Arkadiusz,2019,1,M,1297=
Arkyn,2019,1,M,1297=
Arlo-James,2019,1,M,1297=
Arlow,2019,1,M,1297=
Arlyn,2019,1,M,1297=
Armani,2019,1,M,1297=
Arne,2019,1,M,1297=
Arno,2019,1,M,1297=
Arnold,2019,1,M,1297=
Aroj,2019,1,M,1297=
Arrian,2019,1,M,1297=
Arris,2019,1,M,1297=
Arsal,2019,1,M,1297=
Arsam,2019,1,M,1297=
Arsel,2019,1,M,1297=
Arsh,2019,1,M,1297=
Arsham,2019,1,M,1297=
Art,2019,1,M,1297=
Arteel,2019,1,M,1297=
Artemios,2019,1,M,1297=
Arthur-George,2019,1,M,1297=
Artie,2019,1,M,1297=
Artioma,2019,1,M,1297=
Arto,2019,1,M,1297=
Arturo,2019,1,M,1297=
Artyom,2019,1,M,1297=
Arun,2019,1,M,1297=
Arvis,2019,1,M,1297=
Arwen,2019,1,M,1297=
Arya,2019,1,M,1297=
Aryanathan,2019,1,M,1297=
Asaf,2019,1,M,1297=
Aser,2019,1,M,1297=
Ashar,2019,1,M,1297=
Ashdon,2019,1,M,1297=
Ashim,2019,1,M,1297=
Ashmith,2019,1,M,1297=
Ashtin,2019,1,M,1297=
Asif,2019,1,M,1297=
Aslan,2019,1,M,1297=
Asmatullah,2019,1,M,1297=
Assem,2019,1,M,1297=
Aster,2019,1,M,1297=
Aston-James,2019,1,M,1297=
Atanas,2019,1,M,1297=
Ather,2019,1,M,1297=
Atiba,2019,1,M,1297=
Atilla,2019,1,M,1297=
Atticus,2019,1,M,1297=
Aubyn,2019,1,M,1297=
Auf,2019,1,M,1297=
Augustine,2019,1,M,1297=
Augustus,2019,1,M,1297=
Augustyn,2019,1,M,1297=
Aurrie,2019,1,M,1297=
Austan-James,2019,1,M,1297=
Avehe,2019,1,M,1297=
Aven,2019,1,M,1297=
Avi,2019,1,M,1297=
Avraam,2019,1,M,1297=
Avraj,2019,1,M,1297=
Avtej,2019,1,M,1297=
Aws,2019,1,M,1297=
Awsan,2019,1,M,1297=
Axll,2019,1,M,1297=
Ayaansh,2019,1,M,1297=
Ayank,2019,1,M,1297=
Ayaz,2019,1,M,1297=
Aydn,2019,1,M,1297=
Ayomide,2019,1,M,1297=
Ayomikun,2019,1,M,1297=
Ayoub,2019,1,M,1297=
Ayrton,2019,1,M,1297=
Ayrun,2019,1,M,1297=
Ayryn,2019,1,M,1297=
Ayush,2019,1,M,1297=
Ayyub,2019,1,M,1297=
Ayzak,2019,1,M,1297=
Azhaan,2019,1,M,1297=
Azhan,2019,1,M,1297=
Azhar,2019,1,M,1297=
Aziz,2019,1,M,1297=
Azmayen,2019,1,M,1297=
Azmi,2019,1,M,1297=
Azzam,2019,1,M,1297=
Bacar,2019,1,M,1297=
Badr,2019,1,M,1297=
Bakri,2019,1,M,1297=
Baldur,2019,1,M,1297=
Baley,2019,1,M,1297=
Balil,2019,1,M,1297=
Banar,2019,1,M,1297=
Baraa,2019,1,M,1297=
Barima,2019,1,M,1297=
Barkley,2019,1,M,1297=
Barnabas,2019,1,M,1297=
Barney,2019,1,M,1297=
Barok,2019,1,M,1297=
Barryjohn,2019,1,M,1297=
Bartholomew,2019,1,M,1297=
Bashir,2019,1,M,1297=
Bassel,2019,1,M,1297=
Bastian,2019,1,M,1297=
Batyr,2019,1,M,1297=
Bauer,2019,1,M,1297=
Bayer,2019,1,M,1297=
Bazil,2019,1,M,1297=
Beaufort,2019,1,M,1297=
Beck,2019,1,M,1297=
Becker,2019,1,M,1297=
Bekk,2019,1,M,1297=
Bellamy-Blake,2019,1,M,1297=
Bemnet,2019,1,M,1297=
Benas,2019,1,M,1297=
Bence,2019,1,M,1297=
Bendeguz,2019,1,M,1297=
Beniah,2019,1,M,1297=
Beniamin,2019,1,M,1297=
Benjymin,2019,1,M,1297=
Benley,2019,1,M,1297=
Benneit,2019,1,M,1297=
Bennet,2019,1,M,1297=
Bennie,2019,1,M,1297=
Bernard,2019,1,M,1297=
Bernardo,2019,1,M,1297=
Bevan,2019,1,M,1297=
Bhavtaz,2019,1,M,1297=
Bhrodi,2019,1,M,1297=
Billie,2019,1,M,1297=
Billy-Lee,2019,1,M,1297=
Binyamin,2019,1,M,1297=
Biwar,2019,1,M,1297=
Bligh,2019,1,M,1297=
Blu,2019,1,M,1297=
Blue,2019,1,M,1297=
Boaz,2019,1,M,1297=
Bobbie,2019,1,M,1297=
Bobby-Dylan,2019,1,M,1297=
Boden,2019,1,M,1297=
Bodie,2019,1,M,1297=
Boe,2019,1,M,1297=
Bogdan,2019,1,M,1297=
Bomen,2019,1,M,1297=
Bon,2019,1,M,1297=
Borislav,2019,1,M,1297=
Boyd,2019,1,M,1297=
Bracken,2019,1,M,1297=
Brad,2019,1,M,1297=
Braden,2019,1,M,1297=
Bradley-Findlay,2019,1,M,1297=
Bradley-Junior,2019,1,M,1297=
Bradyn,2019,1,M,1297=
Braidan,2019,1,M,1297=
Braith,2019,1,M,1297=
Brajens,2019,1,M,1297=
Bran,2019,1,M,1297=
Brandan,2019,1,M,1297=
Brandyn,2019,1,M,1297=
Branik,2019,1,M,1297=
Branimir,2019,1,M,1297=
Brannon,2019,1,M,1297=
Braun-George,2019,1,M,1297=
Braxton-Lee,2019,1,M,1297=
Braxx,2019,1,M,1297=
Braylon,2019,1,M,1297=
Brayson,2019,1,M,1297=
Brenden,2019,1,M,1297=
Brendyn,2019,1,M,1297=
Brent,2019,1,M,1297=
Brentley,2019,1,M,1297=
Brently,2019,1,M,1297=
Bret,2019,1,M,1297=
Brett,2019,1,M,1297=
Brinley,2019,1,M,1297=
Brixton,2019,1,M,1297=
Broadie,2019,1,M,1297=
Brock,2019,1,M,1297=
Brodan,2019,1,M,1297=
Brodhi,2019,1,M,1297=
Brodi-Lewis,2019,1,M,1297=
Brook-Levi,2019,1,M,1297=
Brooklin,2019,1,M,1297=
Bruin,2019,1,M,1297=
Brylie,2019,1,M,1297=
Bryn,2019,1,M,1297=
Burhan,2019,1,M,1297=
Cabe,2019,1,M,1297=
Caeben,2019,1,M,1297=
Caedan,2019,1,M,1297=
Caeden,2019,1,M,1297=
Caellum,2019,1,M,1297=
Caelum,2019,1,M,1297=
Caide,2019,1,M,1297=
Caie,2019,1,M,1297=
Caison,2019,1,M,1297=
Caius,2019,1,M,1297=
Cale,2019,1,M,1297=
Caleb-Jai,2019,1,M,1297=
Caleb-Jordan,2019,1,M,1297=
Calen,2019,1,M,1297=
Calix,2019,1,M,1297=
Callaghan,2019,1,M,1297=
Callie,2019,1,M,1297=
Calumn,2019,1,M,1297=
Calyn,2019,1,M,1297=
Cambell,2019,1,M,1297=
Camdyn,2019,1,M,1297=
Canelo,2019,1,M,1297=
Captain,2019,1,M,1297=
Carl-John,2019,1,M,1297=
Carlo,2019,1,M,1297=
Carrick,2019,1,M,1297=
Carsyn,2019,1,M,1297=
Carta,2019,1,M,1297=
Cash,2019,1,M,1297=
Caspar,2019,1,M,1297=
Cassian,2019,1,M,1297=
Cathal,2019,1,M,1297=
Cavan,2019,1,M,1297=
Caylabe,2019,1,M,1297=
Caylan,2019,1,M,1297=
Cayleb,2019,1,M,1297=
Caylen,2019,1,M,1297=
Cayne,2019,1,M,1297=
Cayrn,2019,1,M,1297=
Caysen,2019,1,M,1297=
Cedric,2019,1,M,1297=
Ceejay,2019,1,M,1297=
Chance,2019,1,M,1297=
Chang,2019,1,M,1297=
Chaniel,2019,1,M,1297=
Charis,2019,1,M,1297=
Charli,2019,1,M,1297=
Charlie-Paul,2019,1,M,1297=
Charlie-Ryan,2019,1,M,1297=
Chayse,2019,1,M,1297=
Cheaunce,2019,1,M,1297=
Cheng,2019,1,M,1297=
Chet,2019,1,M,1297=
Chidera,2019,1,M,1297=
Chideziri,2019,1,M,1297=
Chidozie,2019,1,M,1297=
Chidubem,2019,1,M,1297=
Chikamso,2019,1,M,1297=
Chimzorom,2019,1,M,1297=
Chizaram,2019,1,M,1297=
Christin,2019,1,M,1297=
Christopher-Jack,2019,1,M,1297=
Chukwudum,2019,1,M,1297=
Chukwuemeka,2019,1,M,1297=
Cianan,2019,1,M,1297=
Ciar,2019,1,M,1297=
Ciaren,2019,1,M,1297=
Ciprian,2019,1,M,1297=
Cj,2019,1,M,1297=
Claiton,2019,1,M,1297=
Claye,2019,1,M,1297=
Clint,2019,1,M,1297=
Cobain,2019,1,M,1297=
Coban,2019,1,M,1297=
Cobi,2019,1,M,1297=
Cobie-Cruz,2019,1,M,1297=
Cobin,2019,1,M,1297=
Codey,2019,1,M,1297=
Codie,2019,1,M,1297=
Cody-Joe,2019,1,M,1297=
Cody-Ross,2019,1,M,1297=
Coen-Knox,2019,1,M,1297=
Coeray,2019,1,M,1297=
Coghan,2019,1,M,1297=
Coinneach,2019,1,M,1297=
Coinneach-James,2019,1,M,1297=
Coleton,2019,1,M,1297=
Coletyn,2019,1,M,1297=
Colla,2019,1,M,1297=
Collins,2019,1,M,1297=
Colton-James,2019,1,M,1297=
Conal,2019,1,M,1297=
Conic,2019,1,M,1297=
Conley,2019,1,M,1297=
Conlie,2019,1,M,1297=
Conlin,2019,1,M,1297=
Conlon,2019,1,M,1297=
Connach,2019,1,M,1297=
Connah,2019,1,M,1297=
Connaire,2019,1,M,1297=
Connal,2019,1,M,1297=
Connall,2019,1,M,1297=
Connan,2019,1,M,1297=
Connell,2019,1,M,1297=
Connelly,2019,1,M,1297=
Connovar,2019,1,M,1297=
Conrad,2019,1,M,1297=
Constantin,2019,1,M,1297=
Cooper-Jay,2019,1,M,1297=
Copelyn,2019,1,M,1297=
Corban,2019,1,M,1297=
Cori,2019,1,M,1297=
Cormack,2019,1,M,1297=
Cornel,2019,1,M,1297=
Corr,2019,1,M,1297=
Corrin,2019,1,M,1297=
Cory-Jay,2019,1,M,1297=
Cosimo,2019,1,M,1297=
Cosmo,2019,1,M,1297=
Craig-Junior,2019,1,M,1297=
Crew,2019,1,M,1297=
Cristian,2019,1,M,1297=
Crue,2019,1,M,1297=
Cruz-Orson,2019,1,M,1297=
Cruze,2019,1,M,1297=
Cuillan,2019,1,M,1297=
Cuillin,2019,1,M,1297=
Cullan,2019,1,M,1297=
Cullin,2019,1,M,1297=
Cuthbert,2019,1,M,1297=
Cye,2019,1,M,1297=
Cyprian,2019,1,M,1297=
Cyva,2019,1,M,1297=
Daario,2019,1,M,1297=
Dacre,2019,1,M,1297=
Daelan,2019,1,M,1297=
Daithi,2019,1,M,1297=
Daividh,2019,1,M,1297=
Daley,2019,1,M,1297=
Dalin,2019,1,M,1297=
Dalloch,2019,1,M,1297=
Damilare,2019,1,M,1297=
Dan,2019,1,M,1297=
Daniel-James,2019,1,M,1297=
Danielius,2019,1,M,1297=
Danielle,2019,1,M,1297=
Daniels,2019,1,M,1297=
Dany,2019,1,M,1297=
Danyil-James,2019,1,M,1297=
Daragh,2019,1,M,1297=
Darah,2019,1,M,1297=
Darcy,2019,1,M,1297=
Darien,2019,1,M,1297=
Darin,2019,1,M,1297=
Darius-James,2019,1,M,1297=
Darius-Simion,2019,1,M,1297=
Darman,2019,1,M,1297=
Darrach,2019,1,M,1297=
Darrah,2019,1,M,1297=
Darrian,2019,1,M,1297=
Darroch,2019,1,M,1297=
Davey,2019,1,M,1297=
David-Mihai,2019,1,M,1297=
Dawood,2019,1,M,1297=
Dawud,2019,1,M,1297=
Deacyn,2019,1,M,1297=
Deakyn,2019,1,M,1297=
Deane,2019,1,M,1297=
Deceneu,2019,1,M,1297=
Deivik,2019,1,M,1297=
Delaney,2019,1,M,1297=
Dempsey,2019,1,M,1297=
Denni,2019,1,M,1297=
Dennis-Ray,2019,1,M,1297=
Dennon-Lee,2019,1,M,1297=
Deontay,2019,1,M,1297=
Deonte,2019,1,M,1297=
Deran,2019,1,M,1297=
Deric,2019,1,M,1297=
Derrin,2019,1,M,1297=
Desireoluwa,2019,1,M,1297=
Devan,2019,1,M,1297=
Dexi,2019,1,M,1297=
Dhanwin,2019,1,M,1297=
Dhilan,2019,1,M,1297=
Dhillon,2019,1,M,1297=
Dhruvik,2019,1,M,1297=
Dhul-Kifl,2019,1,M,1297=
Dhyan,2019,1,M,1297=
Diar,2019,1,M,1297=
Dicaprio,2019,1,M,1297=
Dimitris,2019,1,M,1297=
Dinis,2019,1,M,1297=
Diogo,2019,1,M,1297=
Diwan,2019,1,M,1297=
Dixon,2019,1,M,1297=
Diyan,2019,1,M,1297=
Diyar,2019,1,M,1297=
Djawad,2019,1,M,1297=
Dobromir,2019,1,M,1297=
Dolan,2019,1,M,1297=
Dolton,2019,1,M,1297=
Doltyn,2019,1,M,1297=
Dom,2019,1,M,1297=
Dome,2019,1,M,1297=
Domhnall,2019,1,M,1297=
Dominican,2019,1,M,1297=
Don,2019,1,M,1297=
Donatello,2019,1,M,1297=
Donn,2019,1,M,1297=
Donnacha,2019,1,M,1297=
Donnie,2019,1,M,1297=
Dougie,2019,1,M,1297=
Draven,2019,1,M,1297=
Dray,2019,1,M,1297=
Dre,2019,1,M,1297=
Dru,2019,1,M,1297=
Drummond,2019,1,M,1297=
Druss,2019,1,M,1297=
Dudley,2019,1,M,1297=
Duffy,2019,1,M,1297=
Duke,2019,1,M,1297=
Duncan-Iain,2019,1,M,1297=
Duncan-James,2019,1,M,1297=
Dwayne,2019,1,M,1297=
Dyllon,2019,1,M,1297=
Dziugas,2019,1,M,1297=
Eben,2019,1,M,1297=
Ebenezer,2019,1,M,1297=
Ebou,2019,1,M,1297=
Ebubechukwu,2019,1,M,1297=
Eddie-James,2019,1,M,1297=
Eddison,2019,1,M,1297=
Edgar,2019,1,M,1297=
Edison,2019,1,M,1297=
Edric,2019,1,M,1297=
Edsger,2019,1,M,1297=
Eduardo,2019,1,M,1297=
Efren,2019,1,M,1297=
Egan,2019,1,M,1297=
Ehab,2019,1,M,1297=
Ehsan,2019,1,M,1297=
Ehsin,2019,1,M,1297=
Eijaz,2019,1,M,1297=
Eilif,2019,1,M,1297=
Einar,2019,1,M,1297=
Eisei,2019,1,M,1297=
Ekamveer,2019,1,M,1297=
Ektoras,2019,1,M,1297=
Elai,2019,1,M,1297=
Elan,2019,1,M,1297=
Eldon,2019,1,M,1297=
Elia,2019,1,M,1297=
Eliad,2019,1,M,1297=
Eliav,2019,1,M,1297=
Elihu,2019,1,M,1297=
Elijah-Ilyas,2019,1,M,1297=
Elijah-Ray,2019,1,M,1297=
Elinewinga,2019,1,M,1297=
Elio,2019,1,M,1297=
Eliot,2019,1,M,1297=
Elisha,2019,1,M,1297=
Eliss,2019,1,M,1297=
Eliyah,2019,1,M,1297=
Eljay,2019,1,M,1297=
Ellison,2019,1,M,1297=
Elouan,2019,1,M,1297=
Eloy,2019,1,M,1297=
Eluid,2019,1,M,1297=
Elwyn,2019,1,M,1297=
Elyas,2019,1,M,1297=
Emery,2019,1,M,1297=
Emile,2019,1,M,1297=
Emiliano,2019,1,M,1297=
Emilien,2019,1,M,1297=
Emilios,2019,1,M,1297=
Emir,2019,1,M,1297=
Emory,2019,1,M,1297=
Emre,2019,1,M,1297=
Emry,2019,1,M,1297=
Eneko,2019,1,M,1297=
Ennio,2019,1,M,1297=
Enoch,2019,1,M,1297=
Enol,2019,1,M,1297=
Enrico,2019,1,M,1297=
Enrique,2019,1,M,1297=
Enxu,2019,1,M,1297=
Enzo-Roman,2019,1,M,1297=
Eoghann,2019,1,M,1297=
Eray,2019,1,M,1297=
Eriksen,2019,1,M,1297=
Erlend,2019,1,M,1297=
Ermia,2019,1,M,1297=
Ermias,2019,1,M,1297=
Errol,2019,1,M,1297=
Eryx,2019,1,M,1297=
Erzhan,2019,1,M,1297=
Eshaan,2019,1,M,1297=
Eshan,2019,1,M,1297=
Estifanos,2019,1,M,1297=
Etanas,2019,1,M,1297=
Ethan-James,2019,1,M,1297=
Ethan-Noah,2019,1,M,1297=
Ethan-Patrick,2019,1,M,1297=
Evaan,2019,1,M,1297=
Evanas,2019,1,M,1297=
Evander,2019,1,M,1297=
Everett,2019,1,M,1297=
Evrin,2019,1,M,1297=
Eyaad,2019,1,M,1297=
Eythan,2019,1,M,1297=
Eyuel,2019,1,M,1297=
Ezechiel,2019,1,M,1297=
Ezekiel,2019,1,M,1297=
Fabien,2019,1,M,1297=
Fabio,2019,1,M,1297=
Fabricio,2019,1,M,1297=
Fabrizio,2019,1,M,1297=
Fadil,2019,1,M,1297=
Fady,2019,1,M,1297=
Fahad,2019,1,M,1297=
Fahid,2019,1,M,1297=
Faizan,2019,1,M,1297=
Fajr,2019,1,M,1297=
Fanmo,2019,1,M,1297=
Faraquhar,2019,1,M,1297=
Fares,2019,1,M,1297=
Farhaz,2019,1,M,1297=
Faris,2019,1,M,1297=
Fariz,2019,1,M,1297=
Farzan,2019,1,M,1297=
Fateh,2019,1,M,1297=
Fathy,2019,1,M,1297=
Fawn,2019,1,M,1297=
Fayez,2019,1,M,1297=
Feliks,2019,1,M,1297=
Felipe,2019,1,M,1297=
Fenton,2019,1,M,1297=
Ferdinand,2019,1,M,1297=
Fergie,2019,1,M,1297=
Ferguson,2019,1,M,1297=
Fernando,2019,1,M,1297=
Ferris,2019,1,M,1297=
Fiachra,2019,1,M,1297=
Fida,2019,1,M,1297=
Filimoni,2019,1,M,1297=
Fillan,2019,1,M,1297=
Fin,2019,1,M,1297=
Finch,2019,1,M,1297=
Finlay-Carter,2019,1,M,1297=
Finnegan,2019,1,M,1297=
Finnick,2019,1,M,1297=
Finnlaogh,2019,1,M,1297=
Fionnain,2019,1,M,1297=
Firas,2019,1,M,1297=
Fjonn,2019,1,M,1297=
Flavius,2019,1,M,1297=
Floyd,2019,1,M,1297=
Floyd-Kasper,2019,1,M,1297=
Foley,2019,1,M,1297=
Forest,2019,1,M,1297=
Foster,2019,1,M,1297=
Fowler,2019,1,M,1297=
Foxx,2019,1,M,1297=
Franek,2019,1,M,1297=
Freddi,2019,1,M,1297=
Fredrick,2019,1,M,1297=
Fryderyk,2019,1,M,1297=
Fulton,2019,1,M,1297=
Furkan,2019,1,M,1297=
Fynnlay,2019,1,M,1297=
Gabrial,2019,1,M,1297=
Gael,2019,1,M,1297=
Gaius,2019,1,M,1297=
Galin,2019,1,M,1297=
Gallacher,2019,1,M,1297=
Gallagher,2019,1,M,1297=
Garon,2019,1,M,1297=
Garrett,2019,1,M,1297=
Gavyn,2019,1,M,1297=
Gearoid,2019,1,M,1297=
Genesis,2019,1,M,1297=
Georgy,2019,1,M,1297=
Gerasimos,2019,1,M,1297=
Geuomata,2019,1,M,1297=
Ghulam,2019,1,M,1297=
Gianfranco,2019,1,M,1297=
Gianluca,2019,1,M,1297=
Gianluigi,2019,1,M,1297=
Gideon,2019,1,M,1297=
Gillen,2019,1,M,1297=
Gillie,2019,1,M,1297=
Giorgio,2019,1,M,1297=
Giuseppe,2019,1,M,1297=
Gniewomir,2019,1,M,1297=
Golam,2019,1,M,1297=
Golibe,2019,1,M,1297=
Gorkem,2019,1,M,1297=
Graedyn,2019,1,M,1297=
Graeme,2019,1,M,1297=
Gregory,2019,1,M,1297=
Greysen,2019,1,M,1297=
Griffin,2019,1,M,1297=
Gryffen,2019,1,M,1297=
Gryffin,2019,1,M,1297=
Gryfin,2019,1,M,1297=
Guilherme,2019,1,M,1297=
Gunnar,2019,1,M,1297=
Gunner,2019,1,M,1297=
Guravi,2019,1,M,1297=
Gurekam,2019,1,M,1297=
Gurfateh,2019,1,M,1297=
Gurnoor,2019,1,M,1297=
Gurwansh,2019,1,M,1297=
Gurzack,2019,1,M,1297=
Gus,2019,1,M,1297=
Gustav,2019,1,M,1297=
Gustavo,2019,1,M,1297=
Gyan,2019,1,M,1297=
Habibur,2019,1,M,1297=
Hadee,2019,1,M,1297=
Hadis,2019,1,M,1297=
Hagen,2019,1,M,1297=
Haidar,2019,1,M,1297=
Haidara,2019,1,M,1297=
Haiden,2019,1,M,1297=
Haigan,2019,1,M,1297=
Haighden,2019,1,M,1297=
Hakan,2019,1,M,1297=
Hakeem,2019,1,M,1297=
Halden,2019,1,M,1297=
Hale,2019,1,M,1297=
Hamdaan,2019,1,M,1297=
Hamdan,2019,1,M,1297=
Hamdo,2019,1,M,1297=
Hamed,2019,1,M,1297=
Hank,2019,1,M,1297=
Hannes,2019,1,M,1297=
Hanro,2019,1,M,1297=
Hanzala,2019,1,M,1297=
Hao,2019,1,M,1297=
Hao-Yang,2019,1,M,1297=
Harbury,2019,1,M,1297=
Hargun,2019,1,M,1297=
Hari,2019,1,M,1297=
Harlan,2019,1,M,1297=
Harlem,2019,1,M,1297=
Harley-George,2019,1,M,1297=
Harley-John,2019,1,M,1297=
Harley-Raine,2019,1,M,1297=
Harli,2019,1,M,1297=
Harman,2019,1,M,1297=
Harmander,2019,1,M,1297=
Haron,2019,1,M,1297=
Haroon,2019,1,M,1297=
Harrison-Paul,2019,1,M,1297=
Harrisson,2019,1,M,1297=
Harrissyn,2019,1,M,1297=
Harry-James,2019,1,M,1297=
Harun,2019,1,M,1297=
Hayward,2019,1,M,1297=
Hazlain,2019,1,M,1297=
Heavenly,2019,1,M,1297=
Heitor,2019,1,M,1297=
Hemin,2019,1,M,1297=
Hendry,2019,1,M,1297=
Henlie,2019,1,M,1297=
Henri,2019,1,M,1297=
Henryk,2019,1,M,1297=
Hew,2019,1,M,1297=
Hewie,2019,1,M,1297=
Hirad,2019,1,M,1297=
Hiro,2019,1,M,1297=
Hirsa,2019,1,M,1297=
Holden,2019,1,M,1297=
Hollis,2019,1,M,1297=
Horatio,2019,1,M,1297=
Huey,2019,1,M,1297=
Hughie-James,2019,1,M,1297=
Hukam,2019,1,M,1297=
Humphrey,2019,1,M,1297=
Hunter-Fernando,2019,1,M,1297=
Hunter-James,2019,1,M,1297=
Hunter-Jax,2019,1,M,1297=
Hunter-Joel,2019,1,M,1297=
Huntley,2019,1,M,1297=
Hussain-Mahdi,2019,1,M,1297=
Hussam,2019,1,M,1297=
Hussnain,2019,1,M,1297=
Huw,2019,1,M,1297=
Huzaifa,2019,1,M,1297=
Huzaifah,2019,1,M,1297=
Hyaan,2019,1,M,1297=
Hydar,2019,1,M,1297=
Hylton,2019,1,M,1297=
Hyrum,2019,1,M,1297=
Iagan,2019,1,M,1297=
Iason,2019,1,M,1297=
Ibukunoluwa,2019,1,M,1297=
Ifeanyi,2019,1,M,1297=
Ifran,2019,1,M,1297=
Ignas,2019,1,M,1297=
Ignatius,2019,1,M,1297=
Ilbey,2019,1,M,1297=
Ilhaan,2019,1,M,1297=
Ilyane,2019,1,M,1297=
Indi,2019,1,M,1297=
Indy,2019,1,M,1297=
Inioluwa,2019,1,M,1297=
Ionatan,2019,1,M,1297=
Ionut,2019,1,M,1297=
Iordi,2019,1,M,1297=
Iori,2019,1,M,1297=
Iosif,2019,1,M,1297=
Ireoluwakitan,2019,1,M,1297=
Iretioluwa,2019,1,M,1297=
Irvine,2019,1,M,1297=
Isak,2019,1,M,1297=
Ishaq,2019,1,M,1297=
Ishmael,2019,1,M,1297=
Islam,2019,1,M,1297=
Issa,2019,1,M,1297=
Issouf,2019,1,M,1297=
Ivaan,2019,1,M,1297=
Ivarr,2019,1,M,1297=
Iwo,2019,1,M,1297=
Iyvhn,2019,1,M,1297=
Izaan,2019,1,M,1297=
Izack,2019,1,M,1297=
Izaiah,2019,1,M,1297=
Izhaaq,2019,1,M,1297=
Jabez,2019,1,M,1297=
Jabir,2019,1,M,1297=
Jabril,2019,1,M,1297=
Jaceon,2019,1,M,1297=
Jack-Joseph,2019,1,M,1297=
Jack-Junior,2019,1,M,1297=
Jack-Patrick,2019,1,M,1297=
Jackob,2019,1,M,1297=
Jackson-James,2019,1,M,1297=
Jackson-Ryan,2019,1,M,1297=
Jaco,2019,1,M,1297=
Jacob-Jorge,2019,1,M,1297=
Jacob-Scott,2019,1,M,1297=
Jacoby,2019,1,M,1297=
Jacopo,2019,1,M,1297=
Jacub,2019,1,M,1297=
Jacus,2019,1,M,1297=
Jafar,2019,1,M,1297=
Jafian,2019,1,M,1297=
Jaidan,2019,1,M,1297=
Jaidon,2019,1,M,1297=
Jaikaar,2019,1,M,1297=
Jaime,2019,1,M,1297=
Jaison,2019,1,M,1297=
Jamaal,2019,1,M,1297=
James-Dean,2019,1,M,1297=
James-Iain,2019,1,M,1297=
James-John,2019,1,M,1297=
James-Lee,2019,1,M,1297=
James-Malik,2019,1,M,1297=
Jamie-Paul,2019,1,M,1297=
Jann,2019,1,M,1297=
Janyar,2019,1,M,1297=
Jarrett,2019,1,M,1297=
Jarvis,2019,1,M,1297=
Jase,2019,1,M,1297=
Jaskirat,2019,1,M,1297=
Jason-Nathan,2019,1,M,1297=
Jasper-Jack,2019,1,M,1297=
Jassar,2019,1,M,1297=
Jaswinder,2019,1,M,1297=
Jaxn,2019,1,M,1297=
Jaxon-Conner,2019,1,M,1297=
Jaxon-James,2019,1,M,1297=
Jaxton,2019,1,M,1297=
Jaxxon,2019,1,M,1297=
Jayce-James,2019,1,M,1297=
Jaycob,2019,1,M,1297=
Jayden-James,2019,1,M,1297=
Jaydin,2019,1,M,1297=
Jaydn,2019,1,M,1297=
Jaydon,2019,1,M,1297=
Jayjay,2019,1,M,1297=
Jaylen,2019,1,M,1297=
Jaymes,2019,1,M,1297=
Jaymie,2019,1,M,1297=
Jedd,2019,1,M,1297=
Jedemiah,2019,1,M,1297=
Jedrzej,2019,1,M,1297=
Jeff,2019,1,M,1297=
Jekabs,2019,1,M,1297=
Jem,2019,1,M,1297=
Jennson,2019,1,M,1297=
Jensen-James,2019,1,M,1297=
Jeremi,2019,1,M,1297=
Jeremiasz,2019,1,M,1297=
Jeremy,2019,1,M,1297=
Jerome,2019,1,M,1297=
Jerzy,2019,1,M,1297=
Jeshwin,2019,1,M,1297=
Jesse-Rae,2019,1,M,1297=
Jethro,2019,1,M,1297=
Jetson,2019,1,M,1297=
Jhon,2019,1,M,1297=
Jia,2019,1,M,1297=
Jidenna,2019,1,M,1297=
Jie,2019,1,M,1297=
Jihan,2019,1,M,1297=
Jinchen,2019,1,M,1297=
Jip,2019,1,M,1297=
Jj,2019,1,M,1297=
Joash,2019,1,M,1297=
Jock,2019,1,M,1297=
Jockey,2019,1,M,1297=
Joe-Louis,2019,1,M,1297=
Joey-James,2019,1,M,1297=
Joey-Jorge,2019,1,M,1297=
Johan,2019,1,M,1297=
John-Anthony,2019,1,M,1297=
John-Boy,2019,1,M,1297=
John-Jameson,2019,1,M,1297=
John-Jaxson,2019,1,M,1297=
John-Mason,2019,1,M,1297=
John-Paul,2019,1,M,1297=
John-Robert,2019,1,M,1297=
Johnathan,2019,1,M,1297=
Johnnymartin,2019,1,M,1297=
Johnson,2019,1,M,1297=
Joie,2019,1,M,1297=
Jokubas,2019,1,M,1297=
Jon,2019,1,M,1297=
Jon-Jo,2019,1,M,1297=
Jonatan,2019,1,M,1297=
Jonathon,2019,1,M,1297=
Jonathon-James,2019,1,M,1297=
Jonjo,2019,1,M,1297=
Jonnie,2019,1,M,1297=
Jordan-James,2019,1,M,1297=
Jordanpreet,2019,1,M,1297=
Joris,2019,1,M,1297=
Joseph-Lewis,2019,1,M,1297=
Joshdeep,2019,1,M,1297=
Joshuaa,2019,1,M,1297=
Josie,2019,1,M,1297=
Joss,2019,1,M,1297=
Jotham,2019,1,M,1297=
Juan,2019,1,M,1297=
Judge,2019,1,M,1297=
Jugraj,2019,1,M,1297=
Jujhar,2019,1,M,1297=
Julyous,2019,1,M,1297=
Junior-John,2019,1,M,1297=
Juniper,2019,1,M,1297=
Kabinga,2019,1,M,1297=
Kabyn,2019,1,M,1297=
Kace,2019,1,M,1297=
Kacen,2019,1,M,1297=
Kachi,2019,1,M,1297=
Kachimsideya,2019,1,M,1297=
Kachiside,2019,1,M,1297=
Kaelen,2019,1,M,1297=
Kaelenn,2019,1,M,1297=
Kaelo,2019,1,M,1297=
Kaesen,2019,1,M,1297=
Kaeson,2019,1,M,1297=
Kahlo,2019,1,M,1297=
Kaiden-Jay,2019,1,M,1297=
Kail,2019,1,M,1297=
Kailan,2019,1,M,1297=
Kailum,2019,1,M,1297=
Kain,2019,1,M,1297=
Kaine,2019,1,M,1297=
Kainen,2019,1,M,1297=
Kairi,2019,1,M,1297=
Kairn,2019,1,M,1297=
Kairney,2019,1,M,1297=
Kairon,2019,1,M,1297=
Kaiser,2019,1,M,1297=
Kaison,2019,1,M,1297=
Kajetan,2019,1,M,1297=
Kalabe,2019,1,M,1297=
Kalan,2019,1,M,1297=
Kaleab,2019,1,M,1297=
Kalin,2019,1,M,1297=
Kalleb,2019,1,M,1297=
Kallen,2019,1,M,1297=
Kaloyan,2019,1,M,1297=
Kalub,2019,1,M,1297=
Kalyan,2019,1,M,1297=
Kalyn,2019,1,M,1297=
Kamari,2019,1,M,1297=
Kambel,2019,1,M,1297=
Kambell,2019,1,M,1297=
Kameron,2019,1,M,1297=
Kamsi,2019,1,M,1297=
Kamsiy,2019,1,M,1297=
Karamo,2019,1,M,1297=
Karar,2019,1,M,1297=
Karden,2019,1,M,1297=
Karim,2019,1,M,1297=
Karlyle,2019,1,M,1297=
Karsen,2019,1,M,1297=
Karsyn,2019,1,M,1297=
Karsyon,2019,1,M,1297=
Kartar,2019,1,M,1297=
Karter-Jay,2019,1,M,1297=
Kasen,2019,1,M,1297=
Kasparas,2019,1,M,1297=
Kaspars,2019,1,M,1297=
Kassem,2019,1,M,1297=
Kavan,2019,1,M,1297=
Kayal,2019,1,M,1297=
Kayce,2019,1,M,1297=
Kaycen,2019,1,M,1297=
Kayde,2019,1,M,1297=
Kayden-James,2019,1,M,1297=
Kayleb-Arthur,2019,1,M,1297=
Kaylin,2019,1,M,1297=
Kaylum,2019,1,M,1297=
Kayne,2019,1,M,1297=
Kayra,2019,1,M,1297=
Kaysen,2019,1,M,1297=
Kaziah,2019,1,M,1297=
Kc,2019,1,M,1297=
Keagan,2019,1,M,1297=
Keaten,2019,1,M,1297=
Keegan-James,2019,1,M,1297=
Keeghan,2019,1,M,1297=
Keenan,2019,1,M,1297=
Keevan,2019,1,M,1297=
Keeyano,2019,1,M,1297=
Kei,2019,1,M,1297=
Keian,2019,1,M,1297=
Keiano,2019,1,M,1297=
Keillor,2019,1,M,1297=
Keirney,2019,1,M,1297=
Kel,2019,1,M,1297=
Kelby,2019,1,M,1297=
Kell,2019,1,M,1297=
Kellan,2019,1,M,1297=
Kelso,2019,1,M,1297=
Ken,2019,1,M,1297=
Kenan,2019,1,M,1297=
Kenechukwu,2019,1,M,1297=
Kennor,2019,1,M,1297=
Kenton,2019,1,M,1297=
Kenzo,2019,1,M,1297=
Keqiang,2019,1,M,1297=
Kergan,2019,1,M,1297=
Kesson,2019,1,M,1297=
Kester,2019,1,M,1297=
Keven,2019,1,M,1297=
Kevin-John,2019,1,M,1297=
Keyaan-Imran,2019,1,M,1297=
Khabib,2019,1,M,1297=
Khairan,2019,1,M,1297=
Khalari,2019,1,M,1297=
Khaleb,2019,1,M,1297=
Khason,2019,1,M,1297=
Kheenan,2019,1,M,1297=
Khizr,2019,1,M,1297=
Khodi,2019,1,M,1297=
Kholbie,2019,1,M,1297=
Kholsen,2019,1,M,1297=
Khorie,2019,1,M,1297=
Khumbo,2019,1,M,1297=
Khyrin,2019,1,M,1297=
Kiaren,2019,1,M,1297=
Kiellan,2019,1,M,1297=
Kieran-Leigh,2019,1,M,1297=
Kieren,2019,1,M,1297=
Kierney,2019,1,M,1297=
Kieron,2019,1,M,1297=
Kimonas,2019,1,M,1297=
Kingsley-James,2019,1,M,1297=
Kinley,2019,1,M,1297=
Kinsley,2019,1,M,1297=
Kip,2019,1,M,1297=
Kiran,2019,1,M,1297=
Kirk,2019,1,M,1297=
Klaidas,2019,1,M,1297=
Klayton-Bailey,2019,1,M,1297=
Klayton-Lee,2019,1,M,1297=
Kleon,2019,1,M,1297=
Klyde,2019,1,M,1297=
Koa,2019,1,M,1297=
Koban,2019,1,M,1297=
Koben,2019,1,M,1297=
Koden,2019,1,M,1297=
Kofi,2019,1,M,1297=
Kohan,2019,1,M,1297=
Kol,2019,1,M,1297=
Kolbeinn,2019,1,M,1297=
Kolben,2019,1,M,1297=
Kolbey,2019,1,M,1297=
Kolbie,2019,1,M,1297=
Koldo,2019,1,M,1297=
Kolton-Bleu,2019,1,M,1297=
Koltyn,2019,1,M,1297=
Konall,2019,1,M,1297=
Konlan,2019,1,M,1297=
Konstantin,2019,1,M,1297=
Konstantinos,2019,1,M,1297=
Koray,2019,1,M,1297=
Kori,2019,1,M,1297=
Kosei,2019,1,M,1297=
Koshan,2019,1,M,1297=
Kosisochukwu,2019,1,M,1297=
Kosten,2019,1,M,1297=
Kota,2019,1,M,1297=
Kouper,2019,1,M,1297=
Kove,2019,1,M,1297=
Kovin,2019,1,M,1297=
Koyar,2019,1,M,1297=
Kris,2019,1,M,1297=
Krishnan,2019,1,M,1297=
Kristian,2019,1,M,1297=
Kristiano,2019,1,M,1297=
Kristofer,2019,1,M,1297=
Krithik,2019,1,M,1297=
Kruiz,2019,1,M,1297=
Krystof,2019,1,M,1297=
Krzysztof,2019,1,M,1297=
Ksawier,2019,1,M,1297=
Kshitij,2019,1,M,1297=
Kucha,2019,1,M,1297=
Kush-Veer,2019,1,M,1297=
Kushagra,2019,1,M,1297=
Kuzey,2019,1,M,1297=
Kyann,2019,1,M,1297=
Kyarran,2019,1,M,1297=
Kyfer,2019,1,M,1297=
Kyle-Alexander,2019,1,M,1297=
Kyle-Jay,2019,1,M,1297=
Kylen,2019,1,M,1297=
Kyng,2019,1,M,1297=
Kynzie,2019,1,M,1297=
Kyo,2019,1,M,1297=
Kyran-Kobi,2019,1,M,1297=
Kyrann,2019,1,M,1297=
Kyreece-Leyland,2019,1,M,1297=
Kyren,2019,1,M,1297=
Lachlainn,2019,1,M,1297=
Laic,2019,1,M,1297=
Laich,2019,1,M,1297=
Lairig,2019,1,M,1297=
Lakain,2019,1,M,1297=
Lake,2019,1,M,1297=
Lamar,2019,1,M,1297=
Lance,2019,1,M,1297=
Laowy,2019,1,M,1297=
Larcyn,2019,1,M,1297=
Larson,2019,1,M,1297=
Larsson,2019,1,M,1297=
Lauchie,2019,1,M,1297=
Lauchryn,2019,1,M,1297=
Laucklan,2019,1,M,1297=
Laughlin,2019,1,M,1297=
Lautaro,2019,1,M,1297=
Lavand,2019,1,M,1297=
Lawe,2019,1,M,1297=
Lawi,2019,1,M,1297=
Lawrie,2019,1,M,1297=
Layden,2019,1,M,1297=
Layelwe,2019,1,M,1297=
Laylan,2019,1,M,1297=
Laylind,2019,1,M,1297=
Laytin,2019,1,M,1297=
Layton-Jai,2019,1,M,1297=
Leandro,2019,1,M,1297=
Leeroy,2019,1,M,1297=
Leese,2019,1,M,1297=
Leevi,2019,1,M,1297=
Legend,2019,1,M,1297=
Leicester,2019,1,M,1297=
Leigh,2019,1,M,1297=
Leiland,2019,1,M,1297=
Leith,2019,1,M,1297=
Leithan,2019,1,M,1297=
Leni-Ryan,2019,1,M,1297=
Lenni,2019,1,M,1297=
Lennie,2019,1,M,1297=
Leo-Alexander,2019,1,M,1297=
Leo-Riley,2019,1,M,1297=
Leodhais,2019,1,M,1297=
Leonel,2019,1,M,1297=
Leonhard,2019,1,M,1297=
Leslie,2019,1,M,1297=
Levi-Logan,2019,1,M,1297=
Levii,2019,1,M,1297=
Levison,2019,1,M,1297=
Levko,2019,1,M,1297=
Lewis-James,2019,1,M,1297=
Lewy,2019,1,M,1297=
Lex,2019,1,M,1297=
Leyland,2019,1,M,1297=
Leytyn,2019,1,M,1297=
Liam-Junior,2019,1,M,1297=
Libai,2019,1,M,1297=
Link,2019,1,M,1297=
Linkoln,2019,1,M,1297=
Linus,2019,1,M,1297=
Lionel,2019,1,M,1297=
Lithgow,2019,1,M,1297=
Llewen,2019,1,M,1297=
Lleyton-James,2019,1,M,1297=
Lochiel,2019,1,M,1297=
Lochlan-John,2019,1,M,1297=
Lochlin,2019,1,M,1297=
Lochy,2019,1,M,1297=
Locke,2019,1,M,1297=
Locran-James,2019,1,M,1297=
Locryn,2019,1,M,1297=
Logan-Jack,2019,1,M,1297=
Logan-Joe,2019,1,M,1297=
Logen,2019,1,M,1297=
Lokki,2019,1,M,1297=
Londyn,2019,1,M,1297=
Louan,2019,1,M,1297=
Loucas,2019,1,M,1297=
Louden,2019,1,M,1297=
Loudon,2019,1,M,1297=
Loughlin,2019,1,M,1297=
Louis-James,2019,1,M,1297=
Lowen,2019,1,M,1297=
Lowrie,2019,1,M,1297=
Luai,2019,1,M,1297=
Luca-Andrei,2019,1,M,1297=
Luca-J,2019,1,M,1297=
Lucas-David,2019,1,M,1297=
Lucas-James,2019,1,M,1297=
Lucian,2019,1,M,1297=
Lucio,2019,1,M,1297=
Lucius,2019,1,M,1297=
Ludo,2019,1,M,1297=
Ludovic,2019,1,M,1297=
Lui,2019,1,M,1297=
Luigi,2019,1,M,1297=
Luiz,2019,1,M,1297=
Lukas-James,2019,1,M,1297=
Lukas-Rae,2019,1,M,1297=
Luke-James,2019,1,M,1297=
Lukuz,2019,1,M,1297=
Luqman,2019,1,M,1297=
Lyan,2019,1,M,1297=
Lydon,2019,1,M,1297=
Lylle,2019,1,M,1297=
Lytton,2019,1,M,1297=
Ma'ruf,2019,1,M,1297=
Maanvik,2019,1,M,1297=
Mabroor,2019,1,M,1297=
Macaulay-Martin,2019,1,M,1297=
Macauley,2019,1,M,1297=
Mace,2019,1,M,1297=
Machair,2019,1,M,1297=
Machrie,2019,1,M,1297=
Maciej,2019,1,M,1297=
Macklan,2019,1,M,1297=
Macklen,2019,1,M,1297=
Maclyn,2019,1,M,1297=
Madalin,2019,1,M,1297=
Maddison,2019,1,M,1297=
Maddix,2019,1,M,1297=
Mael,2019,1,M,1297=
Maeson,2019,1,M,1297=
Mahad,2019,1,M,1297=
Mahadi,2019,1,M,1297=
Mahmoud,2019,1,M,1297=
Mahran,2019,1,M,1297=
Mahrous,2019,1,M,1297=
Maiben,2019,1,M,1297=
Maicen,2019,1,M,1297=
Majd,2019,1,M,1297=
Majid,2019,1,M,1297=
Makai,2019,1,M,1297=
Makbel,2019,1,M,1297=
Makeen,2019,1,M,1297=
Maksym,2019,1,M,1297=
Mal'akhi,2019,1,M,1297=
Malachite,2019,1,M,1297=
Malakhi,2019,1,M,1297=
Malek,2019,1,M,1297=
Malick,2019,1,M,1297=
Malikai,2019,1,M,1297=
Malique,2019,1,M,1297=
Mallon,2019,1,M,1297=
Mamadi,2019,1,M,1297=
Manaaki,2019,1,M,1297=
Manasa,2019,1,M,1297=
Mane,2019,1,M,1297=
Maneet,2019,1,M,1297=
Mankirt,2019,1,M,1297=
Manolis,2019,1,M,1297=
Manus,2019,1,M,1297=
Marcas,2019,1,M,1297=
Marcell,2019,1,M,1297=
Marciano,2019,1,M,1297=
Marcos,2019,1,M,1297=
Marin,2019,1,M,1297=
Marino,2019,1,M,1297=
Mariuss,2019,1,M,1297=
Mark-William,2019,1,M,1297=
Markas,2019,1,M,1297=
Marken,2019,1,M,1297=
Marko,2019,1,M,1297=
Markuss,2019,1,M,1297=
Marky,2019,1,M,1297=
Marlon,2019,1,M,1297=
Maro,2019,1,M,1297=
Marro,2019,1,M,1297=
Marshall-Jayden,2019,1,M,1297=
Marti,2019,1,M,1297=
Martynas,2019,1,M,1297=
Mashiyat,2019,1,M,1297=
Mason-John,2019,1,M,1297=
Mason-Junior,2019,1,M,1297=
Mason-Ross,2019,1,M,1297=
Massimo,2019,1,M,1297=
Masyn,2019,1,M,1297=
Mate,2019,1,M,1297=
Mateen,2019,1,M,1297=
Matej,2019,1,M,1297=
Mathew-Robert,2019,1,M,1297=
Mathias,2019,1,M,1297=
Matin,2019,1,M,1297=
Matthias,2019,1,M,1297=
Mattias,2019,1,M,1297=
Mattie,2019,1,M,1297=
Matty,2019,1,M,1297=
Matvei,2019,1,M,1297=
Maurice,2019,1,M,1297=
Maurycy,2019,1,M,1297=
Mawin,2019,1,M,1297=
Max-James,2019,1,M,1297=
Max-Miller,2019,1,M,1297=
Maxx,2019,1,M,1297=
Maxy,2019,1,M,1297=
Mayar,2019,1,M,1297=
Mazin,2019,1,M,1297=
Mcaulay,2019,1,M,1297=
Mccauley,2019,1,M,1297=
Mckinley,2019,1,M,1297=
Mclean,2019,1,M,1297=
Meer,2019,1,M,1297=
Mehmood,2019,1,M,1297=
Mehr,2019,1,M,1297=
Meredith,2019,1,M,1297=
Meshal,2019,1,M,1297=
Metin,2019,1,M,1297=
Michael-Jnr,2019,1,M,1297=
Michael-Paul,2019,1,M,1297=
Michele,2019,1,M,1297=
Mieszko,2019,1,M,1297=
Miguel,2019,1,M,1297=
Mihai,2019,1,M,1297=
Mihan,2019,1,M,1297=
Mikaal,2019,1,M,1297=
Mikele,2019,1,M,1297=
Mikhail,2019,1,M,1297=
Mikyas,2019,1,M,1297=
Milanox,2019,1,M,1297=
Milkas,2019,1,M,1297=
Millan,2019,1,M,1297=
Milne,2019,1,M,1297=
Mio,2019,1,M,1297=
Miransh,2019,1,M,1297=
Mirbey,2019,1,M,1297=
Miro,2019,1,M,1297=
Misael,2019,1,M,1297=
Mischa,2019,1,M,1297=
Mitchel,2019,1,M,1297=
Mivaan,2019,1,M,1297=
Moeen,2019,1,M,1297=
Mohammed-Mustafa-Ali,2019,1,M,1297=
Mohkam,2019,1,M,1297=
Moisa,2019,1,M,1297=
Mokashfy,2019,1,M,1297=
Momin,2019,1,M,1297=
Moncef,2019,1,M,1297=
Monroe,2019,1,M,1297=
Montague,2019,1,M,1297=
Monte,2019,1,M,1297=
Moon,2019,1,M,1297=
Mopewafunjesu,2019,1,M,1297=
Mordecai,2019,1,M,1297=
Moss,2019,1,M,1297=
Moteribafoluwa,2019,1,M,1297=
Motirioluwa,2019,1,M,1297=
Moustafa,2019,1,M,1297=
Moze,2019,1,M,1297=
Muayyad,2019,1,M,1297=
Mudaser,2019,1,M,1297=
Mudassir,2019,1,M,1297=
Mudawi,2019,1,M,1297=
Muhammad-Ahmad,2019,1,M,1297=
Muhammad-Saleh,2019,1,M,1297=
Muhammad-Yasar,2019,1,M,1297=
Muhmmad,2019,1,M,1297=
Muir,2019,1,M,1297=
Mujtaba,2019,1,M,1297=
Mumin,2019,1,M,1297=
Muntasin,2019,1,M,1297=
Muodebelu,2019,1,M,1297=
Murad,2019,1,M,1297=
Murat,2019,1,M,1297=
Murtagh,2019,1,M,1297=
Murtii,2019,1,M,1297=
Murtza,2019,1,M,1297=
Musab,2019,1,M,1297=
Mustaf,2019,1,M,1297=
Muzammil,2019,1,M,1297=
Myer,2019,1,M,1297=
Mykie-James,2019,1,M,1297=
Myler,2019,1,M,1297=
Myron,2019,1,M,1297=
Nabeel,2019,1,M,1297=
Nafil,2019,1,M,1297=
Nalan,2019,1,M,1297=
Narayan,2019,1,M,1297=
Naresi,2019,1,M,1297=
Nasser,2019,1,M,1297=
Nataniel,2019,1,M,1297=
Navraj,2019,1,M,1297=
Nayel,2019,1,M,1297=
Nazal,2019,1,M,1297=
Neasan-Cearnaigh,2019,1,M,1297=
Neason,2019,1,M,1297=
Neavan,2019,1,M,1297=
Ned,2019,1,M,1297=
Neel,2019,1,M,1297=
Neelan,2019,1,M,1297=
Negan,2019,1,M,1297=
Nehan,2019,1,M,1297=
Neo-Nova,2019,1,M,1297=
Nestor,2019,1,M,1297=
Nevada,2019,1,M,1297=
Ngajozikue,2019,1,M,1297=
Nhan,2019,1,M,1297=
Nial,2019,1,M,1297=
Niccolo,2019,1,M,1297=
Nickolas,2019,1,M,1297=
Nicolaos,2019,1,M,1297=
Nicolo,2019,1,M,1297=
Nihaan,2019,1,M,1297=
Nikhilan,2019,1,M,1297=
Niklaus,2019,1,M,1297=
Niko,2019,1,M,1297=
Nikolaj,2019,1,M,1297=
Nikolay,2019,1,M,1297=
Nikos,2019,1,M,1297=
Nilay,2019,1,M,1297=
Niles,2019,1,M,1297=
Nimal,2019,1,M,1297=
Nirvaan,2019,1,M,1297=
Nirvan,2019,1,M,1297=
Nishan,2019,1,M,1297=
Nissim,2019,1,M,1297=
Nkosinathi,2019,1,M,1297=
Nkwenti,2019,1,M,1297=
Nmesomachi,2019,1,M,1297=
Noah-John,2019,1,M,1297=
Noah-Sebastian,2019,1,M,1297=
Noam,2019,1,M,1297=
Noh,2019,1,M,1297=
Noi,2019,1,M,1297=
Nojus,2019,1,M,1297=
Nolen,2019,1,M,1297=
Nollan,2019,1,M,1297=
Noor,2019,1,M,1297=
Nori,2019,1,M,1297=
Norrie,2019,1,M,1297=
Nova,2019,1,M,1297=
Nowfil,2019,1,M,1297=
Noyan,2019,1,M,1297=
Nuin,2019,1,M,1297=
Numair,2019,1,M,1297=
Numan,2019,1,M,1297=
Nurahan,2019,1,M,1297=
Nyan,2019,1,M,1297=
Nye,2019,1,M,1297=
Oakley-Axl,2019,1,M,1297=
Oakley-Ray,2019,1,M,1297=
Odai,2019,1,M,1297=
Oday,2019,1,M,1297=
Odyn,2019,1,M,1297=
Odysseas,2019,1,M,1297=
Oghenetejiri,2019,1,M,1297=
Ohlin,2019,1,M,1297=
Oisean,2019,1,M,1297=
Oktay,2019,1,M,1297=
Oladele,2019,1,M,1297=
Olaitan,2019,1,M,1297=
Olaoluwakitan,2019,1,M,1297=
Olav,2019,1,M,1297=
Ole-Jay,2019,1,M,1297=
Oleg,2019,1,M,1297=
Oleigh,2019,1,M,1297=
Olek,2019,1,M,1297=
Olisaemeka,2019,1,M,1297=
Oliver-Thomas,2019,1,M,1297=
Olivers,2019,1,M,1297=
Oliwer,2019,1,M,1297=
Olli,2019,1,M,1297=
Olly-James,2019,1,M,1297=
Oluwadurotimi,2019,1,M,1297=
Oluwafemi,2019,1,M,1297=
Oluwaferanmi,2019,1,M,1297=
Oluwakorede,2019,1,M,1297=
Oluwatobiloba,2019,1,M,1297=
Omran,2019,1,M,1297=
Onosemudiana,2019,1,M,1297=
Oreoluwakitan,2019,1,M,1297=
Oreon,2019,1,M,1297=
Orevaoghene,2019,1,M,1297=
Orian,2019,1,M,1297=
Oriol,2019,1,M,1297=
Oroghene,2019,1,M,1297=
Orryn,2019,1,M,1297=
Osama,2019,1,M,1297=
Osaretin,2019,1,M,1297=
Osarumwese,2019,1,M,1297=
Osayimwese,2019,1,M,1297=
Osei,2019,1,M,1297=
Oseremen,2019,1,M,1297=
Oshan,2019,1,M,1297=
Osiris,2019,1,M,1297=
Osman,2019,1,M,1297=
Oso,2019,1,M,1297=
Othman,2019,1,M,1297=
Otter,2019,1,M,1297=
Ouzmaan,2019,1,M,1297=
Owain,2019,1,M,1297=
Ozan,2019,1,M,1297=
Ozzi,2019,1,M,1297=
Paagulan,2019,1,M,1297=
Paarth,2019,1,M,1297=
Pablo,2019,1,M,1297=
Pace,2019,1,M,1297=
Pacey,2019,1,M,1297=
Paddy,2019,1,M,1297=
Padruig,2019,1,M,1297=
Paidi,2019,1,M,1297=
Palmas,2019,1,M,1297=
Panayiotis,2019,1,M,1297=
Parkash,2019,1,M,1297=
Parsa,2019,1,M,1297=
Partapdeep,2019,1,M,1297=
Parth,2019,1,M,1297=
Pascal,2019,1,M,1297=
Patrick-Ray,2019,1,M,1297=
Patrik,2019,1,M,1297=
Pau,2019,1,M,1297=
Pauljohn,2019,1,M,1297=
Pavlos,2019,1,M,1297=
Pearce,2019,1,M,1297=
Percy,2019,1,M,1297=
Peregrine,2019,1,M,1297=
Perran,2019,1,M,1297=
Perry,2019,1,M,1297=
Perseus,2019,1,M,1297=
Peru,2019,1,M,1297=
Peter-Francis,2019,1,M,1297=
Petros,2019,1,M,1297=
Petrovich,2019,1,M,1297=
Peyton,2019,1,M,1297=
Pharrell,2019,1,M,1297=
Phenomenal,2019,1,M,1297=
Philippe,2019,1,M,1297=
Phillip,2019,1,M,1297=
Pierre,2019,1,M,1297=
Pieter,2019,1,M,1297=
Pirro,2019,1,M,1297=
Pompeyo,2019,1,M,1297=
Porter,2019,1,M,1297=
Poyraz,2019,1,M,1297=
Pranav,2019,1,M,1297=
Pranay,2019,1,M,1297=
Prasant,2019,1,M,1297=
Preben,2019,1,M,1297=
Prentice,2019,1,M,1297=
Presley,2019,1,M,1297=
Presley-Stuart,2019,1,M,1297=
Princeton,2019,1,M,1297=
Prinze,2019,1,M,1297=
Pritam,2019,1,M,1297=
Qasem,2019,1,M,1297=
Quentin,2019,1,M,1297=
Quillon,2019,1,M,1297=
Quin,2019,1,M,1297=
Quincy,2019,1,M,1297=
Quintin,2019,1,M,1297=
Quinton,2019,1,M,1297=
Quintyn,2019,1,M,1297=
Qusai,2019,1,M,1297=
R,2019,1,M,1297=
Raafat,2019,1,M,1297=
Rabie,2019,1,M,1297=
Radley,2019,1,M,1297=
Rae,2019,1,M,1297=
Raees,2019,1,M,1297=
Raefe,2019,1,M,1297=
Raegan,2019,1,M,1297=
Rafee,2019,1,M,1297=
Raffaele,2019,1,M,1297=
Raffy,2019,1,M,1297=
Ragamegan,2019,1,M,1297=
Ragnar,2019,1,M,1297=
Raheel,2019,1,M,1297=
Rahiz,2019,1,M,1297=
Raigardas,2019,1,M,1297=
Raith,2019,1,M,1297=
Raiyan,2019,1,M,1297=
Raja,2019,1,M,1297=
Rajan,2019,1,M,1297=
Rajveer,2019,1,M,1297=
Rakan,2019,1,M,1297=
Ralphie-Jack,2019,1,M,1297=
Ram,2019,1,M,1297=
Ramie,2019,1,M,1297=
Ramsey,2019,1,M,1297=
Ramy,2019,1,M,1297=
Ramzi,2019,1,M,1297=
Rana,2019,1,M,1297=
Ranbir,2019,1,M,1297=
Randy,2019,1,M,1297=
Ranulf,2019,1,M,1297=
Ranveer,2019,1,M,1297=
Ranvir,2019,1,M,1297=
Ranya,2019,1,M,1297=
Rares,2019,1,M,1297=
Raseem,2019,1,M,1297=
Rashid,2019,1,M,1297=
Rasul,2019,1,M,1297=
Ratu,2019,1,M,1297=
Raul,2019,1,M,1297=
Raul-Andrei,2019,1,M,1297=
Ravi,2019,1,M,1297=
Rawad,2019,1,M,1297=
Rayne,2019,1,M,1297=
Reda,2019,1,M,1297=
Redgie,2019,1,M,1297=
Reed,2019,1,M,1297=
Reevan,2019,1,M,1297=
Reeve,2019,1,M,1297=
Regan-Jayigh,2019,1,M,1297=
Regan-Thomas,2019,1,M,1297=
Regann,2019,1,M,1297=
Reghan,2019,1,M,1297=
Reighan,2019,1,M,1297=
Reilie,2019,1,M,1297=
Reily,2019,1,M,1297=
Reis,2019,1,M,1297=
Remo,2019,1,M,1297=
Remus,2019,1,M,1297=
Ren,2019,1,M,1297=
Renars,2019,1,M,1297=
Renith,2019,1,M,1297=
Renn,2019,1,M,1297=
Rennie,2019,1,M,1297=
Reno,2019,1,M,1297=
Renz,2019,1,M,1297=
Reyaan,2019,1,M,1297=
Reyansh,2019,1,M,1297=
Reyanshdeep,2019,1,M,1297=
Rezgallah,2019,1,M,1297=
Rhemi,2019,1,M,1297=
Rhemi-James,2019,1,M,1297=
Rhett,2019,1,M,1297=
Rhion,2019,1,M,1297=
Rhiver,2019,1,M,1297=
Rhiyash,2019,1,M,1297=
Rhoddy,2019,1,M,1297=
Rhuairidh,2019,1,M,1297=
Rhuan,2019,1,M,1297=
Rhuari,2019,1,M,1297=
Rhuaridh,2019,1,M,1297=
Rhuben,2019,1,M,1297=
Rhuraigh,2019,1,M,1297=
Rhuri,2019,1,M,1297=
Rhylee,2019,1,M,1297=
Rhylie,2019,1,M,1297=
Riagan,2019,1,M,1297=
Rian-James,2019,1,M,1297=
Riario,2019,1,M,1297=
Ricardo,2019,1,M,1297=
Rick,2019,1,M,1297=
Riley-Craig,2019,1,M,1297=
Riminozu,2019,1,M,1297=
Rion,2019,1,M,1297=
Riou,2019,1,M,1297=
Rishaan,2019,1,M,1297=
Rishabh,2019,1,M,1297=
Rishi,2019,1,M,1297=
Rivaansh,2019,1,M,1297=
Riyan,2019,1,M,1297=
Riyver-Raven,2019,1,M,1297=
Roabie,2019,1,M,1297=
Roag,2019,1,M,1297=
Roahdee,2019,1,M,1297=
Roarke,2019,1,M,1297=
Robbie-Brian,2019,1,M,1297=
Robby,2019,1,M,1297=
Robert-Thomas,2019,1,M,1297=
Roberto,2019,1,M,1297=
Robsan,2019,1,M,1297=
Robson,2019,1,M,1297=
Rocci,2019,1,M,1297=
Rocket,2019,1,M,1297=
Rocky,2019,1,M,1297=
Rodaidh,2019,1,M,1297=
Roddie,2019,1,M,1297=
Rodrian,2019,1,M,1297=
Rodrick,2019,1,M,1297=
Roghan,2019,1,M,1297=
Rohaan,2019,1,M,1297=
Rojus,2019,1,M,1297=
Rokka,2019,1,M,1297=
Rokko,2019,1,M,1297=
Rollo,2019,1,M,1297=
Roman-Richard,2019,1,M,1297=
Romano,2019,1,M,1297=
Rome,2019,1,M,1297=
Romeao,2019,1,M,1297=
Ron-Robert,2019,1,M,1297=
Rone,2019,1,M,1297=
Roneet,2019,1,M,1297=
Ronnin,2019,1,M,1297=
Ronny,2019,1,M,1297=
Rorie,2019,1,M,1297=
Rosco,2019,1,M,1297=
Roshan,2019,1,M,1297=
Rossi,2019,1,M,1297=
Rostas,2019,1,M,1297=
Rourke,2019,1,M,1297=
Rox,2019,1,M,1297=
Royce,2019,1,M,1297=
Ruadhagain,2019,1,M,1297=
Ruadhan,2019,1,M,1297=
Ruairy,2019,1,M,1297=
Ruban,2019,1,M,1297=
Ruhan,2019,1,M,1297=
Rukai,2019,1,M,1297=
Rumi,2019,1,M,1297=
Rurie,2019,1,M,1297=
Rustam,2019,1,M,1297=
Ryan-James,2019,1,M,1297=
Ryan-John,2019,1,M,1297=
Ryden,2019,1,M,1297=
Ryder,2019,1,M,1297=
Ryker,2019,1,M,1297=
Rylan,2019,1,M,1297=
Ryland,2019,1,M,1297=
Rylie,2019,1,M,1297=
Ryu,2019,1,M,1297=
Ryver,2019,1,M,1297=
Saahas,2019,1,M,1297=
Saathvik,2019,1,M,1297=
Sabawoon,2019,1,M,1297=
Sabin,2019,1,M,1297=
Sachal,2019,1,M,1297=
Sadiq,2019,1,M,1297=
Sadros,2019,1,M,1297=
Saeed,2019,1,M,1297=
Safet,2019,1,M,1297=
Safwaan,2019,1,M,1297=
Sai,2019,1,M,1297=
Saifullah,2019,1,M,1297=
Saihan,2019,1,M,1297=
Saishankar,2019,1,M,1297=
Saji,2019,1,M,1297=
Salah,2019,1,M,1297=
Saleh,2019,1,M,1297=
Salvation,2019,1,M,1297=
Samanjeet,2019,1,M,1297=
Samba,2019,1,M,1297=
Sambor,2019,1,M,1297=
Samer,2019,1,M,1297=
Samik,2019,1,M,1297=
Samiul,2019,1,M,1297=
Samiullah,2019,1,M,1297=
Samson,2019,1,M,1297=
Samuele,2019,1,M,1297=
Samuil,2019,1,M,1297=
Sancho,2019,1,M,1297=
Sansar,2019,1,M,1297=
Sanvith,2019,1,M,1297=
Sarja,2019,1,M,1297=
Sarok,2019,1,M,1297=
Sasha,2019,1,M,1297=
Sathvik,2019,1,M,1297=
Saud,2019,1,M,1297=
Sawaab,2019,1,M,1297=
Saxton,2019,1,M,1297=
Sayfullah,2019,1,M,1297=
Sayhan,2019,1,M,1297=
Scirocco,2019,1,M,1297=
Scott-Thomass,2019,1,M,1297=
Scout,2019,1,M,1297=
Seanna,2019,1,M,1297=
Seanpaul-James,2019,1,M,1297=
Seeley,2019,1,M,1297=
Segni,2019,1,M,1297=
Sehej,2019,1,M,1297=
Sehejveer,2019,1,M,1297=
Selbie,2019,1,M,1297=
Seleem,2019,1,M,1297=
Semaj,2019,1,M,1297=
Semion,2019,1,M,1297=
Senna,2019,1,M,1297=
Serafim,2019,1,M,1297=
Sergio,2019,1,M,1297=
Severiano,2019,1,M,1297=
Sevuloni,2019,1,M,1297=
Seyed,2019,1,M,1297=
Shaan,2019,1,M,1297=
Shadi,2019,1,M,1297=
Shah,2019,1,M,1297=
Shahroz,2019,1,M,1297=
Shaine,2019,1,M,1297=
Shakeel,2019,1,M,1297=
Shakil,2019,1,M,1297=
Shalahuddin,2019,1,M,1297=
Sharik,2019,1,M,1297=
Shashvinth,2019,1,M,1297=
Shaurya,2019,1,M,1297=
Shaw,2019,1,M,1297=
Shawn,2019,1,M,1297=
Shawn-Thomas,2019,1,M,1297=
Shaya,2019,1,M,1297=
Shayne,2019,1,M,1297=
Shea,2019,1,M,1297=
Shehran,2019,1,M,1297=
Shenouda,2019,1,M,1297=
Sherab,2019,1,M,1297=
Sheyi,2019,1,M,1297=
Shi,2019,1,M,1297=
Shia,2019,1,M,1297=
Shiloh,2019,1,M,1297=
Shiv,2019,1,M,1297=
Shlok,2019,1,M,1297=
Sholto,2019,1,M,1297=
Shouptik,2019,1,M,1297=
Shug,2019,1,M,1297=
Shujah,2019,1,M,1297=
Shuo,2019,1,M,1297=
Siddarth,2019,1,M,1297=
Siddh,2019,1,M,1297=
Siddharth,2019,1,M,1297=
Silisitino,2019,1,M,1297=
Simar,2019,1,M,1297=
Simeon,2019,1,M,1297=
Simko,2019,1,M,1297=
Simone,2019,1,M,1297=
Siyamthanda,2019,1,M,1297=
Skandan,2019,1,M,1297=
Sky,2019,1,M,1297=
Smith,2019,1,M,1297=
Sohail,2019,1,M,1297=
Sol,2019,1,M,1297=
Somtochukwu,2019,1,M,1297=
Sonnie,2019,1,M,1297=
Sophie,2019,1,M,1297=
Sophocles,2019,1,M,1297=
Sorin,2019,1,M,1297=
Soterios,2019,1,M,1297=
Sourya,2019,1,M,1297=
Spence,2019,1,M,1297=
Srafiel,2019,1,M,1297=
Srihan,2019,1,M,1297=
Srihari,2019,1,M,1297=
Stavros,2019,1,M,1297=
Stellan,2019,1,M,1297=
Stepan,2019,1,M,1297=
Sterling,2019,1,M,1297=
Stevan,2019,1,M,1297=
Stevi,2019,1,M,1297=
Stijn,2019,1,M,1297=
Storie,2019,1,M,1297=
Strath,2019,1,M,1297=
Sufyan,2019,1,M,1297=
Suhansh,2019,1,M,1297=
Sukhbir,2019,1,M,1297=
Sukhraj,2019,1,M,1297=
Sukhroop,2019,1,M,1297=
Sulayman,2019,1,M,1297=
Sullee,2019,1,M,1297=
Sultan,2019,1,M,1297=
Sunnie,2019,1,M,1297=
Surya,2019,1,M,1297=
Swanik,2019,1,M,1297=
Swastik,2019,1,M,1297=
Swift,2019,1,M,1297=
Syed-Faizan,2019,1,M,1297=
Sylvan,2019,1,M,1297=
Sylver,2019,1,M,1297=
Szilas,2019,1,M,1297=
Szymek,2019,1,M,1297=
T-Jay,2019,1,M,1297=
Taaylr,2019,1,M,1297=
Taayton,2019,1,M,1297=
Tadeusz,2019,1,M,1297=
Tafari,2019,1,M,1297=
Taij,2019,1,M,1297=
Taim,2019,1,M,1297=
Taimur,2019,1,M,1297=
Taiyo,2019,1,M,1297=
Tajus,2019,1,M,1297=
Taksh,2019,1,M,1297=
Takunda,2019,1,M,1297=
Talha,2019,1,M,1297=
Tamando,2019,1,M,1297=
Tamaratena,2019,1,M,1297=
Tameem,2019,1,M,1297=
Tanush,2019,1,M,1297=
Taotao,2019,1,M,1297=
Tariq,2019,1,M,1297=
Tarka,2019,1,M,1297=
Tarran,2019,1,M,1297=
Taskil,2019,1,M,1297=
Tayim,2019,1,M,1297=
Taylar,2019,1,M,1297=
Tayler,2019,1,M,1297=
Tayte,2019,1,M,1297=
Teddi,2019,1,M,1297=
Teddy-Kevin,2019,1,M,1297=
Tegh,2019,1,M,1297=
Teja,2019,1,M,1297=
Tejas,2019,1,M,1297=
Telfer,2019,1,M,1297=
Temujin,2019,1,M,1297=
Terrence,2019,1,M,1297=
Tesh,2019,1,M,1297=
Thanapat,2019,1,M,1297=
Thanasis,2019,1,M,1297=
Thando,2019,1,M,1297=
Theo-James,2019,1,M,1297=
Theodore-Bear,2019,1,M,1297=
Theodoro,2019,1,M,1297=
Theodric,2019,1,M,1297=
Theon,2019,1,M,1297=
Thiago,2019,1,M,1297=
Thilo,2019,1,M,1297=
Thiral,2019,1,M,1297=
Thomas-Sean,2019,1,M,1297=
Thor,2019,1,M,1297=
Thoriq,2019,1,M,1297=
Tiago,2019,1,M,1297=
Tiam,2019,1,M,1297=
Tianming,2019,1,M,1297=
Tieryne,2019,1,M,1297=
Tiger,2019,1,M,1297=
Tigran,2019,1,M,1297=
Timmothy,2019,1,M,1297=
Timon,2019,1,M,1297=
Timur,2019,1,M,1297=
Timurs,2019,1,M,1297=
Tinashe,2019,1,M,1297=
Tobi,2019,1,M,1297=
Tobiah,2019,1,M,1297=
Tobiasz,2019,1,M,1297=
Tobin,2019,1,M,1297=
Tobius,2019,1,M,1297=
Todd,2019,1,M,1297=
Todor,2019,1,M,1297=
Toma,2019,1,M,1297=
Tomasz,2019,1,M,1297=
Tomaz,2019,1,M,1297=
Tommi,2019,1,M,1297=
Tommy-Hugh,2019,1,M,1297=
Tommy-James,2019,1,M,1297=
Tommy-Lee,2019,1,M,1297=
Tommy-Paul,2019,1,M,1297=
Tommylee,2019,1,M,1297=
Tomos,2019,1,M,1297=
Tomy,2019,1,M,1297=
Toni,2019,1,M,1297=
Topher,2019,1,M,1297=
Tor,2019,1,M,1297=
Torcuil,2019,1,M,1297=
Torkel,2019,1,M,1297=
Toros,2019,1,M,1297=
Torsten,2019,1,M,1297=
Toryn,2019,1,M,1297=
Toviel,2019,1,M,1297=
Traolach,2019,1,M,1297=
Trihaan,2019,1,M,1297=
Trim,2019,1,M,1297=
Triman,2019,1,M,1297=
Tristyn,2019,1,M,1297=
Troy,2019,1,M,1297=
Trump,2019,1,M,1297=
Tsegezeab,2019,1,M,1297=
Tsering,2019,1,M,1297=
Tucker,2019,1,M,1297=
Tudor,2019,1,M,1297=
Tylar,2019,1,M,1297=
Tyree,2019,1,M,1297=
Tyreece,2019,1,M,1297=
Tyrian,2019,1,M,1297=
Tyron,2019,1,M,1297=
Tzanis,2019,1,M,1297=
Udhay,2019,1,M,1297=
Uendjiundja,2019,1,M,1297=
Ugochukwu,2019,1,M,1297=
Uilleam,2019,1,M,1297=
Ukashah,2019,1,M,1297=
Uther,2019,1,M,1297=
Uthman,2019,1,M,1297=
Uwais,2019,1,M,1297=
Vaclav,2019,1,M,1297=
Vajk,2019,1,M,1297=
Valdis,2019,1,M,1297=
Valentino,2019,1,M,1297=
Vali,2019,1,M,1297=
Vansh,2019,1,M,1297=
Vasilis,2019,1,M,1297=
Ved,2019,1,M,1297=
Vedh,2019,1,M,1297=
Venice,2019,1,M,1297=
Venomukona,2019,1,M,1297=
Vergil,2019,1,M,1297=
Viaan,2019,1,M,1297=
Vihan,2019,1,M,1297=
Vikram,2019,1,M,1297=
Vilius,2019,1,M,1297=
Vince,2019,1,M,1297=
Vincentas,2019,1,M,1297=
Vir,2019,1,M,1297=
Visaghan,2019,1,M,1297=
Vishva,2019,1,M,1297=
Vishwam,2019,1,M,1297=
Vittorio,2019,1,M,1297=
Viyaan,2019,1,M,1297=
Wade,2019,1,M,1297=
Waheed,2019,1,M,1297=
Walt,2019,1,M,1297=
Warren,2019,1,M,1297=
Wayu,2019,1,M,1297=
Wei,2019,1,M,1297=
Wen,2019,1,M,1297=
Wes,2019,1,M,1297=
Westen,2019,1,M,1297=
Willum,2019,1,M,1297=
Wilson,2019,1,M,1297=
Wilson-Alexander,2019,1,M,1297=
Wimut,2019,1,M,1297=
Wincent,2019,1,M,1297=
Winter,2019,1,M,1297=
Witold,2019,1,M,1297=
Wolf,2019,1,M,1297=
Woodi,2019,1,M,1297=
Wurrd,2019,1,M,1297=
Xavier-James,2019,1,M,1297=
Xi,2019,1,M,1297=
Xinze,2019,1,M,1297=
Xubin,2019,1,M,1297=
Xzavier,2019,1,M,1297=
Yacob,2019,1,M,1297=
Yacoub,2019,1,M,1297=
Yafi,2019,1,M,1297=
Yanes,2019,1,M,1297=
Yanis,2019,1,M,1297=
Yannis,2019,1,M,1297=
Yared,2019,1,M,1297=
Yaried,2019,1,M,1297=
Yaroslav,2019,1,M,1297=
Yaseen,2019,1,M,1297=
Yasin,2019,1,M,1297=
Yasir,2019,1,M,1297=
Yassin,2019,1,M,1297=
Yassine,2019,1,M,1297=
Yazan,2019,1,M,1297=
Yazdan,2019,1,M,1297=
Yazin,2019,1,M,1297=
Yazn,2019,1,M,1297=
Yedhesshwaran,2019,1,M,1297=
Yoan,2019,1,M,1297=
Yordan,2019,1,M,1297=
Yoseph,2019,1,M,1297=
Yoshan,2019,1,M,1297=
Yosheya,2019,1,M,1297=
Yossarian,2019,1,M,1297=
Youcef,2019,1,M,1297=
Younouss,2019,1,M,1297=
Yu,2019,1,M,1297=
Yug,2019,1,M,1297=
Yule,2019,1,M,1297=
Yunis,2019,1,M,1297=
Yusof,2019,1,M,1297=
Yuvaan,2019,1,M,1297=
Yuzarsif,2019,1,M,1297=
Za'eem,2019,1,M,1297=
Zaak,2019,1,M,1297=
Zaayan,2019,1,M,1297=
Zaceo,2019,1,M,1297=
Zacharia,2019,1,M,1297=
Zacharie,2019,1,M,1297=
Zacharii,2019,1,M,1297=
Zachery,2019,1,M,1297=
Zackary,2019,1,M,1297=
Zackery,2019,1,M,1297=
Zacrhyn,2019,1,M,1297=
Zahi,2019,1,M,1297=
Zahran,2019,1,M,1297=
Zaid,2019,1,M,1297=
Zaiden,2019,1,M,1297=
Zainulabedeen,2019,1,M,1297=
Zak-Lee,2019,1,M,1297=
Zakar,2019,1,M,1297=
Zakariah,2019,1,M,1297=
Zakariyya,2019,1,M,1297=
Zaki,2019,1,M,1297=
Zalvadorro,2019,1,M,1297=
Zario,2019,1,M,1297=
Zave,2019,1,M,1297=
Zayan,2019,1,M,1297=
Zaydaan,2019,1,M,1297=
Zaydan,2019,1,M,1297=
Zayden,2019,1,M,1297=
Zayyan,2019,1,M,1297=
Ze,2019,1,M,1297=
Zebedee,2019,1,M,1297=
Zebicus,2019,1,M,1297=
Zed,2019,1,M,1297=
Zeeshan,2019,1,M,1297=
Zein,2019,1,M,1297=
Zekai,2019,1,M,1297=
Zeke,2019,1,M,1297=
Zen,2019,1,M,1297=
Zephyr,2019,1,M,1297=
Zeppelin,2019,1,M,1297=
Zeus,2019,1,M,1297=
Zhe,2019,1,M,1297=
Zhilin,2019,1,M,1297=
Zhulian-Vesel,2019,1,M,1297=
Zi,2019,1,M,1297=
Zia,2019,1,M,1297=
Zian,2019,1,M,1297=
Zichen,2019,1,M,1297=
Zico,2019,1,M,1297=
Ziggy,2019,1,M,1297=
Zinedine,2019,1,M,1297=
Ziyad,2019,1,M,1297=
Zlatin,2019,1,M,1297=
Zohaib,2019,1,M,1297=
Zohan,2019,1,M,1297=
Zorawar,2019,1,M,1297=
Zsombor,2019,1,M,1297=
Zubair,2019,1,M,1297=
Zulqarnain,2019,1,M,1297=
Zyan,2019,1,M,1297=
,2019,,M,
,2019,,M,
,2019,,M,
,2019,,M,
,2019,,M,
,2019,,M,
,2019,,M,
,2019,,M,
,2019,,M,
,2019,,M,
,2019,,M,
,2019,,M,
,2019,,M,
,2019,,M,
,2019,,M,
,2019,,M,
,2019,,M,
,2019,,M,
,2019,,M,
,2019,,M,
,2019,,M,
,2019,,M,
,2019,,M,
,2019,,M,
,2019,,M,
,2019,,M,
,2019,,M,
,2019,,M,
,2019,,M,
,2019,,M,
,2019,,M,
,2019,,M,
,2019,,M,
,2019,,M,
,2019,,M,
,2019,,M,
,2019,,M,
,2019,,M,
,2019,,M,
,2019,,M,
,2019,,M,
,2019,,M,
,2019,,M,
,2019,,M,
,2019,,M,
,2019,,M,
,2019,,M,
,2019,,M,
,2019,,M,
,2019,,M,
,2019,,M,
,2019,,M,
,2019,,M,
,2019,,M,
,2019,,M,
,2019,,M,
,2019,,M,
,2019,,M,
,2019,,M,
,2019,,M,
,2019,,M,
,2019,,M,
,2019,,M,
,2019,,M,
,2019,,M,
,2019,,M,
,2019,,M,
,2019,,M,
,2019,,M,
,2019,,M,
,2019,,M,
,2019,,M,
,2019,,M,
,2019,,M,
,2019,,M,
,2019,,M,
,2019,,M,
,2019,,M,
,2019,,M,
,2019,,M,
,2019,,M,
,2019,,M,
,2019,,M,
,2019,,M,
,2019,,M,
,2019,,M,
,2019,,M,
,2019,,M,
,2019,,M,
,2019,,M,
,2019,,M,
,2019,,M,
,2019,,M,
,2019,,M,
,2019,,M,
,2019,,M,
,2019,,M,
,2019,,M,
,2019,,M,
,2019,,M,
,2019,,M,
,2019,,M,
,2019,,M,
,2019,,M,
,2019,,M,
,2019,,M,
,2019,,M,
,2019,,M,
,2019,,M,
,2019,,M,
,2019,,M,
,2019,,M,
,2019,,M,
,2019,,M,
,2019,,M,
,2019,,M,
,2019,,M,
,2019,,M,
,2019,,M,
,2019,,M,
,2019,,M,
,2019,,M,
,2019,,M,
,2019,,M,
,2019,,M,
,2019,,M,
,2019,,M,
,2019,,M,
,2019,,M,
,2019,,M,
,2019,,M,
,2019,,M,
,2019,,M,
,2019,,M,
,2019,,M,
,2019,,M,
,2019,,M,
,2019,,M,
,2019,,M,
,2019,,M,
,2019,,M,
,2019,,M,
,2019,,M,
,2019,,M,
,2019,,M,
,2019,,M,
,2019,,M,
,2019,,M,
,2019,,M,
,2019,,M,
,2019,,M,
,2019,,M,
,2019,,M,
,2019,,M,
,2019,,M,
,2019,,M,
,2019,,M,
,2019,,M,
,2019,,M,
,2019,,M,
,2019,,M,
,2019,,M,
,2019,,M,
,2019,,M,
,2019,,M,
,2019,,M,
,2019,,M,
,2019,,M,
,2019,,M,
,2019,,M,
,2019,,M,
,2019,,M,
,2019,,M,
,2019,,M,
,2019,,M,
,2019,,M,
,2019,,M,
,2019,,M,
,2019,,M,
,2019,,M,
,2019,,M,
,2019,,M,
,2019,,M,
,2019,,M,
,2019,,M,
,2019,,M,
,2019,,M,
,2019,,M,
,2019,,M,
,2019,,M,
,2019,,M,
,2019,,M,
,2019,,M,
,2019,,M,
,2019,,M,
,2019,,M,
,2019,,M,
,2019,,M,
,2019,,M,
,2019,,M,
,2019,,M,
,2019,,M,
,2019,,M,
,2019,,M,
,2019,,M,
,2019,,M,
,2019,,M,
,2019,,M,
,2019,,M,
,2019,,M,
,2019,,M,
,2019,,M,
,2019,,M,
,2019,,M,
,2019,,M,
,2019,,M,
,2019,,M,
,2019,,M,
,2019,,M,
,2019,,M,
,2019,,M,
,2019,,M,
,2019,,M,
,2019,,M,
,2019,,M,
,2019,,M,
,2019,,M,
,2019,,M,
,2019,,M,
,2019,,M,
,2019,,M,
,2019,,M,
,2019,,M,
,2019,,M,
,2019,,M,
,2019,,M,
,2019,,M,
,2019,,M,
,2019,,M,
,2019,,M,
,2019,,M,
,2019,,M,
,2019,,M,
,2019,,M,
,2019,,M,
,2019,,M,
,2019,,M,
,2019,,M,
,2019,,M,
,2019,,M,
,2019,,M,
,2019,,M,
,2019,,M,
,2019,,M,
,2019,,M,
,2019,,M,
,2019,,M,
,2019,,M,
,2019,,M,
,2019,,M,
,2019,,M,
,2019,,M,
,2019,,M,
,2019,,M,
,2019,,M,
,2019,,M,
,2019,,M,
,2019,,M,
,2019,,M,
,2019,,M,
,2019,,M,
,2019,,M,
,2019,,M,
,2019,,M,
,2019,,M,
,2019,,M,
,2019,,M,
,2019,,M,
,2019,,M,
,2019,,M,
,2019,,M,
,2019,,M,
,2019,,M,
,2019,,M,
,2019,,M,
,2019,,M,
,2019,,M,
,2019,,M,
,2019,,M,
,2019,,M,
,2019,,M,
,2019,,M,
,2019,,M,
,2019,,M,
,2019,,M,
,2019,,M,
,2019,,M,
,2019,,M,
,2019,,M,
,2019,,M,
,2019,,M,
,2019,,M,
,2019,,M,
,2019,,M,
,2019,,M,
,2019,,M,
,2019,,M,
,2019,,M,
,2019,,M,
,2019,,M,
,2019,,M,
,2019,,M,
,2019,,M,
,2019,,M,
,2019,,M,
,2019,,M,
,2019,,M,
,2019,,M,
,2019,,M,
,2019,,M,
,2019,,M,
,2019,,M,
,2019,,M,
,2019,,M,
,2019,,M,
,2019,,M,
,2019,,M,
,2019,,M,
,2019,,M,
,2019,,M,
,2019,,M,
,2019,,M,
,2019,,M,
,2019,,M,
,2019,,M,
,2019,,M,
,2019,,M,
,2019,,M,
,2019,,M,
,2019,,M,
,2019,,M,
,2019,,M,
,2019,,M,
,2019,,M,
,2019,,M,
,2019,,M,
,2019,,M,
,2019,,M,
,2019,,M,
,2019,,M,
,2019,,M,
,2019,,M,
,2019,,M,
,2019,,M,
,2019,,M,
,2019,,M,
,2019,,M,
,2019,,M,
,2019,,M,
,2019,,M,
,2019,,M,
,2019,,M,
,2019,,M,
,2019,,M,
,2019,,M,
,2019,,M,
,2019,,M,
,2019,,M,
,2019,,M,
,2019,,M,
,2019,,M,
,2019,,M,
,2019,,M,
,2019,,M,
,2019,,M,
,2019,,M,
,2019,,M,
,2019,,M,
,2019,,M,
,2019,,M,
,2019,,M,
,2019,,M,
,2019,,M,
,2019,,M,
,2019,,M,
,2019,,M,
,2019,,M,
,2019,,M,
,2019,,M,
,2019,,M,
,2019,,M,
,2019,,M,
,2019,,M,
,2019,,M,
,2019,,M,
,2019,,M,
,2019,,M,
,2019,,M,
,2019,,M,
,2019,,M,
,2019,,M,
,2019,,M,
,2019,,M,
,2019,,M,
,2019,,M,
,2019,,M,
,2019,,M,
,2019,,M,
,2019,,M,
,2019,,M,
,2019,,M,
,2019,,M,
,2019,,M,
,2019,,M,
,2019,,M,
,2019,,M,
,2019,,M,
,2019,,M,
,2019,,M,
,2019,,M,
,2019,,M,
,2019,,M,
,2019,,M,
,2019,,M,
,2019,,M,
,2019,,M,
,2019,,M,
,2019,,M,
,2019,,M,
,2019,,M,
,2019,,M,
,2019,,M,
,2019,,M,
,2019,,M,
,2019,,M,
,2019,,M,
,2019,,M,
,2019,,M,
,2019,,M,
,2019,,M,
,2019,,M,
,2019,,M,
,2019,,M,
,2019,,M,
,2019,,M,
,2019,,M,
,2019,,M,
,2019,,M,
,2019,,M,
,2019,,M,
,2019,,M,
,2019,,M,
,2019,,M,
,2019,,M,
,2019,,M,
,2019,,M,
,2019,,M,
,2019,,M,
,2019,,M,
,2019,,M,
,2019,,M,
,2019,,M,
,2019,,M,
,2019,,M,
,2019,,M,
,2019,,M,
,2019,,M,
,2019,,M,
,2019,,M,
,2019,,M,
,2019,,M,
,2019,,M,
,2019,,M,
,2019,,M,
,2019,,M,
,2019,,M,
,2019,,M,
,2019,,M,
,2019,,M,
,2019,,M,
,2019,,M,
,2019,,M,
,2019,,M,
,2019,,M,
,2019,,M,
,2019,,M,
,2019,,M,
,2019,,M,
,2019,,M,
,2019,,M,
,2019,,M,
,2019,,M,
,2019,,M,
,2019,,M,
,2019,,M,
,2019,,M,
,2019,,M,
,2019,,M,
,2019,,M,
,2019,,M,
,2019,,M,
,2019,,M,
,2019,,M,
,2019,,M,
,2019,,M,
,2019,,M,
,2019,,M,
,2019,,M,
,2019,,M,
,2019,,M,
,2019,,M,
,2019,,M,
,2019,,M,
,2019,,M,
,2019,,M,
,2019,,M,
,2019,,M,
,2019,,M,
,2019,,M,
,2019,,M,
,2019,,M,
,2019,,M,
,2019,,M,
,2019,,M,
,2019,,M,
,2019,,M,
,2019,,M,
,2019,,M,
,2019,,M,
,2019,,M,
,2019,,M,
,2019,,M,
,2019,,M,
,2019,,M,
,2019,,M,
,2019,,M,
,2019,,M,
,2019,,M,
,2019,,M,
,2019,,M,
,2019,,M,
,2019,,M,
,2019,,M,
,2019,,M,
,2019,,M,
,2019,,M,
,2019,,M,
,2019,,M,
,2019,,M,
,2019,,M,
,2019,,M,
,2019,,M,
,2019,,M,
,2019,,M,
,2019,,M,
,2019,,M,
,2019,,M,
,2019,,M,
,2019,,M,
,2019,,M,
,2019,,M,
,2019,,M,
,2019,,M,
,2019,,M,
,2019,,M,
,2019,,M,
,2019,,M,
,2019,,M,
,2019,,M,
,2019,,M,
,2019,,M,
,2019,,M,
,2019,,M,
,2019,,M,
,2019,,M,
,2019,,M,
,2019,,M,
,2019,,M,
,2019,,M,
,2019,,M,
,2019,,M,
,2019,,M,
,2019,,M,
,2019,,M,
,2019,,M,
,2019,,M,
,2019,,M,
,2019,,M,
,2019,,M,
,2019,,M,
,2019,,M,
,2019,,M,
,2019,,M,
,2019,,M,
,2019,,M,
,2019,,M,
,2019,,M,
,2019,,M,
,2019,,M,
,2019,,M,
,2019,,M,
,2019,,M,
,2019,,M,
,2019,,M,
,2019,,M,
,2019,,M,
,2019,,M,
,2019,,M,
,2019,,M,
,2019,,M,
,2019,,M,
,2019,,M,
,2019,,M,
,2019,,M,
,2019,,M,
,2019,,M,
,2019,,M,
,2019,,M,
,2019,,M,
,2019,,M,
,2019,,M,
,2019,,M,
,2019,,M,
,2019,,M,
,2019,,M,
,2019,,M,
,2019,,M,
,2019,,M,
,2019,,M,
,2019,,M,
,2019,,M,
,2019,,M,
,2019,,M,
,2019,,M,
,2019,,M,
,2019,,M,
,2019,,M,
,2019,,M,
,2019,,M,
,2019,,M,
,2019,,M,
,2019,,M,
,2019,,M,
,2019,,M,
,2019,,M,
,2019,,M,
,2019,,M,
,2019,,M,
,2019,,M,
,2019,,M,
,2019,,M,
,2019,,M,
,2019,,M,
,2019,,M,
,2019,,M,
,2019,,M,
,2019,,M,
,2019,,M,
,2019,,M,
,2019,,M,
,2019,,M,
,2019,,M,
,2019,,M,
,2019,,M,
,2019,,M,
,2019,,M,
,2019,,M,
,2019,,M,
,2019,,M,
,2019,,M,
,2019,,M,
,2019,,M,
,2019,,M,
,2019,,M,
,2019,,M,
,2019,,M,
,2019,,M,
,2019,,M,
,2019,,M,
,2019,,M,
,2019,,M,
,2019,,M,
,2019,,M,
,2019,,M,
,2019,,M,
,2019,,M,
,2019,,M,
,2019,,M,
,2019,,M,
,2019,,M,
,2019,,M,
,2019,,M,
,2019,,M,
,2019,,M,
,2019,,M,
,2019,,M,
,2019,,M,
,2019,,M,
,2019,,M,
,2019,,M,
,2019,,M,
,2019,,M,
,2019,,M,
,2019,,M,
,2019,,M,
,2019,,M,
,2019,,M,
,2019,,M,
,2019,,M,
,2019,,M,
,2019,,M,
,2019,,M,
,2019,,M,
,2019,,M,
,2019,,M,
,2019,,M,
,2019,,M,
,2019,,M,
,2019,,M,
,2019,,M,
,2019,,M,
,2019,,M,
,2019,,M,
,2019,,M,
,2019,,M,
,2019,,M,
,2019,,M,
,2019,,M,
,2019,,M,
,2019,,M,
,2019,,M,
,2019,,M,
,2019,,M,
,2019,,M,
,2019,,M,
,2019,,M,
,2019,,M,
,2019,,M,
,2019,,M,
,2019,,M,
,2019,,M,
,2019,,M,
,2019,,M,
,2019,,M,
,2019,,M,
,2019,,M,?Crown Copyright 2020
